KqwX+oFfvyJUvk/+lofEhg==	jL0jYY3NjVc=	7WGZrjqBSxw=	openclaw.context.assembled	SPAN_KIND_INTERNAL	1778954549.682	1778954549.682
KqwX+oFfvyJUvk/+lofEhg==	VhAwrnUOW10=	7WGZrjqBSxw=	openclaw.model.call	SPAN_KIND_INTERNAL	1778954549.71	1778954560.3049998
KqwX+oFfvyJUvk/+lofEhg==	Ky48EMbGlzE=	7WGZrjqBSxw=	openclaw.tool.execution	SPAN_KIND_INTERNAL	1778954560.3500001	1778954560.932
KqwX+oFfvyJUvk/+lofEhg==	8uYS5JoSNUY=	7WGZrjqBSxw=	openclaw.model.call	SPAN_KIND_INTERNAL	1778954560.973	1778954565.544
KqwX+oFfvyJUvk/+lofEhg==	SEqmQSheb/Q=	7WGZrjqBSxw=	openclaw.tool.execution	SPAN_KIND_INTERNAL	1778954565.5619998	1778954566.345
KqwX+oFfvyJUvk/+lofEhg==	KioUZW1fxzw=	7WGZrjqBSxw=	openclaw.model.call	SPAN_KIND_INTERNAL	1778954566.3660002	1778954572.15
KqwX+oFfvyJUvk/+lofEhg==	IsC2bUnSoiQ=	7WGZrjqBSxw=	openclaw.tool.execution	SPAN_KIND_INTERNAL	1778954572.169	1778954572.188
KqwX+oFfvyJUvk/+lofEhg==	emxH3aBJySg=	7WGZrjqBSxw=	openclaw.model.call	SPAN_KIND_INTERNAL	1778954572.2099998	1778954589.3820002
KqwX+oFfvyJUvk/+lofEhg==	etNfQV5NEQk=	7WGZrjqBSxw=	openclaw.tool.execution	SPAN_KIND_INTERNAL	1778954589.4	1778954589.404
KqwX+oFfvyJUvk/+lofEhg==	4uOtg6VpunU=	7WGZrjqBSxw=	openclaw.model.call	SPAN_KIND_INTERNAL	1778954589.423	1778954593.868
KqwX+oFfvyJUvk/+lofEhg==	cBfH/z9TsMs=	7WGZrjqBSxw=	openclaw.tool.execution	SPAN_KIND_INTERNAL	1778954593.885	1778954593.8860002
KqwX+oFfvyJUvk/+lofEhg==	Ndog9TXA1n4=	7WGZrjqBSxw=	openclaw.model.call	SPAN_KIND_INTERNAL	1778954593.91	1778954604.592
KqwX+oFfvyJUvk/+lofEhg==	5BH9yH/6rVw=	7WGZrjqBSxw=	openclaw.tool.execution	SPAN_KIND_INTERNAL	1778954604.677	1778954604.6790001
KqwX+oFfvyJUvk/+lofEhg==	SMWXeLVYzO0=	7WGZrjqBSxw=	openclaw.model.call	SPAN_KIND_INTERNAL	1778954604.722	1778954609.376
KqwX+oFfvyJUvk/+lofEhg==	nXXu/gYGe5g=	7WGZrjqBSxw=	openclaw.tool.execution	SPAN_KIND_INTERNAL	1778954609.44	1778954609.44
KqwX+oFfvyJUvk/+lofEhg==	P2nDSH6O9o8=	7WGZrjqBSxw=	openclaw.model.call	SPAN_KIND_INTERNAL	1778954609.484	1778954622.633
KqwX+oFfvyJUvk/+lofEhg==	f5XIfEWpUIk=	7WGZrjqBSxw=	openclaw.tool.execution	SPAN_KIND_INTERNAL	1778954622.682	1778954622.683
KqwX+oFfvyJUvk/+lofEhg==	/qx7/A/aV2g=	7WGZrjqBSxw=	openclaw.model.call	SPAN_KIND_INTERNAL	1778954622.733	1778954626.304
KqwX+oFfvyJUvk/+lofEhg==	MAlPgqSkpTY=	7WGZrjqBSxw=	openclaw.tool.execution	SPAN_KIND_INTERNAL	1778954626.372	1778954626.496
KqwX+oFfvyJUvk/+lofEhg==	PiklHOJCx5E=	7WGZrjqBSxw=	openclaw.model.call	SPAN_KIND_INTERNAL	1778954626.559	1778954632.169
KqwX+oFfvyJUvk/+lofEhg==	0F/UY1aUPQo=	7WGZrjqBSxw=	openclaw.tool.execution	SPAN_KIND_INTERNAL	1778954632.237	1778954632.2380002
KqwX+oFfvyJUvk/+lofEhg==	sfnIbmpw+Ro=	7WGZrjqBSxw=	openclaw.model.call	SPAN_KIND_INTERNAL	1778954632.288	1778954645.14
KqwX+oFfvyJUvk/+lofEhg==	mw60gYJttOY=	7WGZrjqBSxw=	openclaw.tool.execution	SPAN_KIND_INTERNAL	1778954645.1859999	1778954645.189
KqwX+oFfvyJUvk/+lofEhg==	U2rDuGn7RG8=	7WGZrjqBSxw=	openclaw.model.call	SPAN_KIND_INTERNAL	1778954645.237	1778954653.878
KqwX+oFfvyJUvk/+lofEhg==	sgnEsG3Sirg=	7WGZrjqBSxw=	openclaw.tool.execution	SPAN_KIND_INTERNAL	1778954653.944	1778954653.945
KqwX+oFfvyJUvk/+lofEhg==	zNgsJk336dk=	7WGZrjqBSxw=	openclaw.model.call	SPAN_KIND_INTERNAL	1778954653.988	1778954662.889
KqwX+oFfvyJUvk/+lofEhg==	6L0a8VAwFso=	7WGZrjqBSxw=	openclaw.tool.execution	SPAN_KIND_INTERNAL	1778954662.931	1778954662.932
KqwX+oFfvyJUvk/+lofEhg==	GAolQVC5oDE=	7WGZrjqBSxw=	openclaw.model.call	SPAN_KIND_INTERNAL	1778954662.977	1778954674.492
KqwX+oFfvyJUvk/+lofEhg==	5iFJMyhTv8I=	7WGZrjqBSxw=	openclaw.tool.execution	SPAN_KIND_INTERNAL	1778954674.533	1778954674.5340002
