IDENTICAL	config/assertion-safety-baseline.txt	5acfb3fb35d4cccc7a03d27e4096433fac28cbdb	5acfb3fb35d4cccc7a03d27e4096433fac28cbdb
IDENTICAL	docs/tools/subagents.md	c3043b584653cf146f208fe39b16970b069e068d	c3043b584653cf146f208fe39b16970b069e068d
IDENTICAL	extensions/acpx/src/pi-session-catalog.test.ts	42103bc7b4ef4fbb8da11da32b1624f93346e615	42103bc7b4ef4fbb8da11da32b1624f93346e615
IDENTICAL	extensions/clawrouter/stream.ts	91450a056d6c132e8e47373964c173181b0a3c7d	91450a056d6c132e8e47373964c173181b0a3c7d
IDENTICAL	extensions/clickclack/src/accounts.test.ts	6ce9af727e7e58dc60f09d1226d917d1f299fffa	6ce9af727e7e58dc60f09d1226d917d1f299fffa
IDENTICAL	extensions/codex/src/app-server/auth-bridge.test.ts	77f6c5cab28724f671c6c5bd78cf7deba59decc6	77f6c5cab28724f671c6c5bd78cf7deba59decc6
IDENTICAL	extensions/codex/src/app-server/computer-use.test.ts	e6f8ab4dc8545557bfd25e595bed7299caf0d5af	e6f8ab4dc8545557bfd25e595bed7299caf0d5af
IDENTICAL	extensions/codex/src/app-server/computer-use.ts	481b72be0001de11597f0ec78929ca9a20034b2f	481b72be0001de11597f0ec78929ca9a20034b2f
IDENTICAL	extensions/codex/src/app-server/dynamic-tool-build.test.ts	0b3f4a7106350026095dadc4508534d1eef8247a	0b3f4a7106350026095dadc4508534d1eef8247a
IDENTICAL	extensions/codex/src/app-server/dynamic-tool-build.ts	ef73446575d2b9c41bc45e6b894ad3b4a941504e	ef73446575d2b9c41bc45e6b894ad3b4a941504e
IDENTICAL	extensions/codex/src/app-server/dynamic-tool-execution.ts	1f8d16056d869c2e830cc78269f96971544c7e0a	1f8d16056d869c2e830cc78269f96971544c7e0a
IDENTICAL	extensions/codex/src/app-server/dynamic-tools.test.ts	9e67ae85719f415bed92db27ed7d209c942653f3	9e67ae85719f415bed92db27ed7d209c942653f3
IDENTICAL	extensions/codex/src/app-server/dynamic-tools.ts	359e005b0cb0d1dc0b32515dcfda5f6d0ae9358b	359e005b0cb0d1dc0b32515dcfda5f6d0ae9358b
IDENTICAL	extensions/codex/src/app-server/native-subagent-task-mirror.test.ts	3f5aec115cc344ed5f36df6cf2bfb7cfbbd10a42	3f5aec115cc344ed5f36df6cf2bfb7cfbbd10a42
IDENTICAL	extensions/codex/src/app-server/run-attempt.dynamic-tools.test.ts	83f2a2753771db601be6c4d2865c614e94320c7b	83f2a2753771db601be6c4d2865c614e94320c7b
IDENTICAL	extensions/codex/src/app-server/runtime-artifact.test.ts	4e2fe562b2fe8d1d6755e629160113c2fda1681d	4e2fe562b2fe8d1d6755e629160113c2fda1681d
IDENTICAL	extensions/codex/src/app-server/side-question.test.ts	36b3def1cc35dbc768ca8add53f0c82f4b9f1f9a	36b3def1cc35dbc768ca8add53f0c82f4b9f1f9a
IDENTICAL	extensions/copilot/src/native-subagent-task-mirror.test.ts	0e72081dc233b225affb3fbeeea5185f1f70341f	0e72081dc233b225affb3fbeeea5185f1f70341f
IDENTICAL	extensions/copilot/src/tool-bridge.test.ts	c461dd79cf8d7b946e6f8c2cc8741ca2f4bcf1eb	c461dd79cf8d7b946e6f8c2cc8741ca2f4bcf1eb
IDENTICAL	extensions/diagnostics-otel/src/service-traces.ts	e1932cf5d994d5d67256de0a657d4a1d438d48f7	e1932cf5d994d5d67256de0a657d4a1d438d48f7
IDENTICAL	extensions/diagnostics-otel/src/service.test.ts	dd582937326b41ba5dae32e25750042a690035f4	dd582937326b41ba5dae32e25750042a690035f4
IDENTICAL	extensions/diagnostics-otel/src/service.ts	331481cbf4386a1b19c3c2e5b71535aa4d6452af	331481cbf4386a1b19c3c2e5b71535aa4d6452af
IDENTICAL	extensions/discord/src/internal/rest.ts	d271d4eb81d164e3c4155f61f87bd91173a5211b	d271d4eb81d164e3c4155f61f87bd91173a5211b
IDENTICAL	extensions/feishu/src/delivery-trace.test.ts	f31f2a6342df246e63fbac69bc7785038b03b793	f31f2a6342df246e63fbac69bc7785038b03b793
IDENTICAL	extensions/google-meet/src/oauth.ts	a05c63d0d1677554c68384855baebe16cff2f61b	a05c63d0d1677554c68384855baebe16cff2f61b
IDENTICAL	extensions/google/transport-stream.test.ts	1ea545ae986185f480c39ee51ec84d55b132910d	1ea545ae986185f480c39ee51ec84d55b132910d
IDENTICAL	extensions/matrix/src/actions.test.ts	794f54fbdaa8c5e2c07bcaa091b2010a0300cab5	794f54fbdaa8c5e2c07bcaa091b2010a0300cab5
IDENTICAL	extensions/matrix/src/matrix/client/storage.test.ts	c261192ce212d74aab93740d7b8850bae4190ffa	c261192ce212d74aab93740d7b8850bae4190ffa
IDENTICAL	extensions/matrix/src/test-runtime.ts	33598a3197ed3636327b0f0c3ac477a36bb3f9cb	33598a3197ed3636327b0f0c3ac477a36bb3f9cb
IDENTICAL	extensions/msteams/src/channel.test.ts	0d461addd43ff8c888dd7b6679d2767d50b2a729	0d461addd43ff8c888dd7b6679d2767d50b2a729
IDENTICAL	extensions/mxc/test/binary-resolver.test.ts	a577f99b3c645761089d0a1d113632361078bebb	a577f99b3c645761089d0a1d113632361078bebb
IDENTICAL	extensions/ollama/provider-discovery.test.ts	3316ae5c1580a018a5e7fade3b8d095037e7489d	3316ae5c1580a018a5e7fade3b8d095037e7489d
IDENTICAL	extensions/qa-lab/src/crabline-transport-message-id.test.ts	a6792e3a718ae3a0f93b629829ce427e8dedb65f	a6792e3a718ae3a0f93b629829ce427e8dedb65f
IDENTICAL	extensions/qa-lab/src/crabline-transport-native-command.test.ts	01ec495a526c6bf65630de4d9576bd6d57564cd3	01ec495a526c6bf65630de4d9576bd6d57564cd3
IDENTICAL	extensions/qa-lab/src/crabline-transport-readiness.test.ts	b82f9be44ccd854b0027aec611d8fc817ddb5b88	b82f9be44ccd854b0027aec611d8fc817ddb5b88
IDENTICAL	extensions/qa-lab/src/lab-server-ui.ts	f5f50906c61d4c851ba3e373912f08e28e2449ec	f5f50906c61d4c851ba3e373912f08e28e2449ec
IDENTICAL	extensions/signal/src/monitor.tool-result.test-harness.ts	7168d41366f3fe253efa40f3184e96a1b60305ba	7168d41366f3fe253efa40f3184e96a1b60305ba
IDENTICAL	extensions/signal/src/monitor/event-handler.ingress-lifecycle.test.ts	d0c2d59071127d2404af79b7ba25eea24d6bc0eb	d0c2d59071127d2404af79b7ba25eea24d6bc0eb
IDENTICAL	extensions/signal/src/monitor/event-handler.ts	399d3e3a0830315f41ae0457169eaafa0e75a138	399d3e3a0830315f41ae0457169eaafa0e75a138
IDENTICAL	extensions/telegram/src/bot.create-telegram-bot.test.ts	81508843295964a5417bc6f7332ba6c74ab38260	81508843295964a5417bc6f7332ba6c74ab38260
IDENTICAL	packages/agent-core/src/agent-loop.ts	88a3dea6f2206c001804e5c81bfb71426bac8e8a	88a3dea6f2206c001804e5c81bfb71426bac8e8a
IDENTICAL	packages/gateway-protocol/src/schema/agent.ts	927e67e547d32f219b9ffcf86213178cad2b6f2d	927e67e547d32f219b9ffcf86213178cad2b6f2d
IDENTICAL	scripts/plugin-sdk-surface-report.mts	fb11edc86d6b6b2f1600b0404697e22a1e62fdd7	fb11edc86d6b6b2f1600b0404697e22a1e62fdd7
IDENTICAL	scripts/prepare-extension-package-boundary-artifacts.mts	790a1e526453a58827a6401dce80848bce60bf56	790a1e526453a58827a6401dce80848bce60bf56
IDENTICAL	scripts/protocol-gen-swift.ts	3bec85e877db836c93e4419a49c0999d14dacc08	3bec85e877db836c93e4419a49c0999d14dacc08
IDENTICAL	scripts/protocol-gen.ts	de270352e6b367a2d761bebfd0f5870f9594e4fb	de270352e6b367a2d761bebfd0f5870f9594e4fb
IDENTICAL	scripts/testbox-lease-freshness.mts	dea0fe29bbafe68a5e1e4d8af2912be50bc39696	dea0fe29bbafe68a5e1e4d8af2912be50bc39696
IDENTICAL	src/acp/runtime/session-meta.ts	3088cab3b0e59520d7e2a3f31dbeca6618f5579e	3088cab3b0e59520d7e2a3f31dbeca6618f5579e
IDENTICAL	src/agents/agent-hooks/compaction-safeguard.ts	0b1a4c39bead07f4c715eaa11fbabbfd567d12e1	0b1a4c39bead07f4c715eaa11fbabbfd567d12e1
IDENTICAL	src/agents/agent-tools.session-permissions.test.ts	cc8f993db174fb4966379389bd58542a44ff7962	cc8f993db174fb4966379389bd58542a44ff7962
IDENTICAL	src/agents/apply-patch.symlink-alias.test.ts	80729266b01be75c0da6c9c7b5c7bd723d8f77f8	80729266b01be75c0da6c9c7b5c7bd723d8f77f8
IDENTICAL	src/agents/bash-tools.exec-live-state-sqlite-guard.test.ts	2f41a8916cc4fa8e14378bdf2eb72241778fb0a4	2f41a8916cc4fa8e14378bdf2eb72241778fb0a4
IDENTICAL	src/agents/bash-tools.exec-runtime-output.test.ts	00e1083984b8722c231662c6d6c3c29475c26c5b	00e1083984b8722c231662c6d6c3c29475c26c5b
IDENTICAL	src/agents/bash-tools.exec-workdir.test.ts	deda189fba2000afc9efa9afffc8920b02723c02	deda189fba2000afc9efa9afffc8920b02723c02
IDENTICAL	src/agents/bash-tools.exec.script-preflight.test.ts	19f4074d159b77f0099e798e5edb08c497b0e70c	19f4074d159b77f0099e798e5edb08c497b0e70c
IDENTICAL	src/agents/bash-tools.notify-on-exit-ack.test.ts	ae49fa953ee5d6a72d5265c0255c7bded4fb0646	ae49fa953ee5d6a72d5265c0255c7bded4fb0646
IDENTICAL	src/agents/command/attempt-execution.cli.test.ts	f4cf0af3bc078ad114a001148fb45f3d0e320f02	f4cf0af3bc078ad114a001148fb45f3d0e320f02
IDENTICAL	src/agents/command/attempt-execution.ts	d0ac5285cf8b3d538cfe5666803ca47f8c196d9a	d0ac5285cf8b3d538cfe5666803ca47f8c196d9a
IDENTICAL	src/agents/command/cli-compaction.ts	6961ecf39af38d4303b991ac3385d5e4f481809f	6961ecf39af38d4303b991ac3385d5e4f481809f
IDENTICAL	src/agents/embedded-agent-runner/cli-backend-dispatch-transcript.ts	3f668a96d8df9eb29c6f222b93931a110bc2cca1	3f668a96d8df9eb29c6f222b93931a110bc2cca1
IDENTICAL	src/agents/embedded-agent-runner/compact-reasons.ts	8461949d741ae989184298dace64907aa92de2ab	8461949d741ae989184298dace64907aa92de2ab
IDENTICAL	src/agents/embedded-agent-runner/compact.hooks.test.ts	5861fe6697c918a86c77ab9370be43cc79d7af9b	5861fe6697c918a86c77ab9370be43cc79d7af9b
IDENTICAL	src/agents/embedded-agent-runner/compact.types.ts	5a6350f85d00c5c8b5081306701087b27f936ba4	5a6350f85d00c5c8b5081306701087b27f936ba4
IDENTICAL	src/agents/embedded-agent-runner/compaction-checkpoint.ts	3e0ae37eb7dbd54b7888493b10310c37401cf488	3e0ae37eb7dbd54b7888493b10310c37401cf488
IDENTICAL	src/agents/embedded-agent-runner/run.overflow-compaction.harness.ts	2c1eaa361582c2374be1b7885cdf914a1b604edd	2c1eaa361582c2374be1b7885cdf914a1b604edd
IDENTICAL	src/agents/embedded-agent-runner/run/attempt-client-tools.ts	5896f293deabd9278e8ef9e924f68cce19401de4	5896f293deabd9278e8ef9e924f68cce19401de4
IDENTICAL	src/agents/embedded-agent-runner/run/attempt-execution-phase.ts	be9accb8a6724ea68a38f13364a7b7e2890e59e3	be9accb8a6724ea68a38f13364a7b7e2890e59e3
IDENTICAL	src/agents/embedded-agent-runner/run/attempt-stream-prepare.test.ts	82b0cb3d88bc5539eec76538d9c6b8b661838df8	82b0cb3d88bc5539eec76538d9c6b8b661838df8
IDENTICAL	src/agents/embedded-agent-runner/run/attempt-stream-prepare.ts	8758e2fc1e7f5fa18a663f18793fbfe4c66849c0	8758e2fc1e7f5fa18a663f18793fbfe4c66849c0
IDENTICAL	src/agents/embedded-agent-runner/run/failover-policy.ts	e8c3cc7a77030f5316a050661041ecbe060a4774	e8c3cc7a77030f5316a050661041ecbe060a4774
IDENTICAL	src/agents/embedded-agent-runner/run/payloads.ts	0d77172de44b0274eb1272de95a2c4c89872ece1	0d77172de44b0274eb1272de95a2c4c89872ece1
IDENTICAL	src/agents/embedded-agent-runner/server-endpoint-compaction.ts	cfa40d05b2632b88a25aaee3919c32c6b6719735	cfa40d05b2632b88a25aaee3919c32c6b6719735
IDENTICAL	src/agents/embedded-agent-subscribe.handlers.compaction.runtime.ts	57cd587d483d77459e2950376ac12003ac747b02	57cd587d483d77459e2950376ac12003ac747b02
IDENTICAL	src/agents/embedded-agent-subscribe.handlers.compaction.test.ts	25d4cf4b0ec63d7b2ea41594fb119712156c3fe8	25d4cf4b0ec63d7b2ea41594fb119712156c3fe8
IDENTICAL	src/agents/embedded-agent-subscribe.handlers.compaction.ts	9b3600394cba5a38b3c2178202bd25268cc8e3ff	9b3600394cba5a38b3c2178202bd25268cc8e3ff
IDENTICAL	src/agents/embedded-agent-subscribe.handlers.lifecycle.test.ts	b86a56aa0f86a80b98a8e50124dcf80c3870d56f	b86a56aa0f86a80b98a8e50124dcf80c3870d56f
CHANGED	src/agents/embedded-agent-subscribe.handlers.lifecycle.ts	1ebadd5b14ef949e7bdd3f7c085014432194a11e	7789eaf5c503b7bb6be24fc48f6041ba06324baa
IDENTICAL	src/agents/embedded-agent-subscribe.handlers.messages.lifecycle.test.ts	768d298a0748906019f17da14df634bcac8ef9f9	768d298a0748906019f17da14df634bcac8ef9f9
IDENTICAL	src/agents/embedded-agent-subscribe.handlers.messages.lifecycle.ts	81e7a0b66e72710b7ff6140284a4e67d7918b36a	81e7a0b66e72710b7ff6140284a4e67d7918b36a
IDENTICAL	src/agents/embedded-agent-subscribe.handlers.messages.replies.ts	a849648264d87bb16de85efe4e9117327f0e3905	a849648264d87bb16de85efe4e9117327f0e3905
IDENTICAL	src/agents/embedded-agent-subscribe.handlers.messages.stream.ts	352fa0996e32b1aa7d552b8d764d005f0b5e22d5	352fa0996e32b1aa7d552b8d764d005f0b5e22d5
IDENTICAL	src/agents/embedded-agent-subscribe.handlers.messages.test-helpers.ts	e16e80c92cd991c89ff0b9b1a4f5f73e0a44dbe0	e16e80c92cd991c89ff0b9b1a4f5f73e0a44dbe0
IDENTICAL	src/agents/embedded-agent-subscribe.handlers.messages.update-stream-items.test.ts	e1ded1e43f4b3409d044ba825bdddffd0a015e17	e1ded1e43f4b3409d044ba825bdddffd0a015e17
IDENTICAL	src/agents/embedded-agent-subscribe.handlers.messages.update-stream-phases.test.ts	2d2b3856034f57e1dd4ef9873a27469d0b1283ef	2d2b3856034f57e1dd4ef9873a27469d0b1283ef
IDENTICAL	src/agents/embedded-agent-subscribe.handlers.messages.update.ts	c14d93257220d13e8fc626fbffb1b822b3a3d9b3	c14d93257220d13e8fc626fbffb1b822b3a3d9b3
CHANGED	src/agents/embedded-agent-subscribe.handlers.tools.completion.ts	894d38613e0252956acd9a159f93d8fb1e395c9e	cd6aa18c2205d4b09c2e8453dc1705e15d56ed3e
IDENTICAL	src/agents/embedded-agent-subscribe.handlers.tools.results.ts	d7e12d47d1b44f571d73f69d8bade9767c98f87c	d7e12d47d1b44f571d73f69d8bade9767c98f87c
IDENTICAL	src/agents/embedded-agent-subscribe.handlers.tools.start.ts	59995df6b274f0612c80aa6e47cb941d507bdea0	59995df6b274f0612c80aa6e47cb941d507bdea0
IDENTICAL	src/agents/embedded-agent-subscribe.handlers.tools.ts	b3863c54de845cf0f9a0e9b3b37a4b1f558f170f	b3863c54de845cf0f9a0e9b3b37a4b1f558f170f
IDENTICAL	src/agents/embedded-agent-subscribe.handlers.ts	fb0dcb26fdb03ff2a9fcd88b27ac2ae752aaeb77	fb0dcb26fdb03ff2a9fcd88b27ac2ae752aaeb77
IDENTICAL	src/agents/embedded-agent-subscribe.handlers.types.ts	be4dbad888fd96a19f59decd6abd292e87d1de20	be4dbad888fd96a19f59decd6abd292e87d1de20
CHANGED	src/agents/embedded-agent-subscribe.reply-delivery.ts	4db23ed7cdbf610c1e05e60b1ec33d524ab303cc	0f7af25f3447394eae9d475b61faecb2fe6eb574
IDENTICAL	src/agents/embedded-agent-subscribe.reply-tags.test.ts	abf605b442da123617636e5d95afbe292cb0ee11	abf605b442da123617636e5d95afbe292cb0ee11
IDENTICAL	src/agents/embedded-agent-subscribe.stream-rendering.ts	7ddd7e940c5538fb2909ea32ba3eddbfe278d0a6	7ddd7e940c5538fb2909ea32ba3eddbfe278d0a6
IDENTICAL	src/agents/embedded-agent-subscribe.ts	bd9c9bbb088af91378826c55e1ec07e54a99d1c9	bd9c9bbb088af91378826c55e1ec07e54a99d1c9
IDENTICAL	src/agents/embedded-agent-tool-media.ts	a30608e679fe6983a11aa9f158ac5dc87c4891f4	a30608e679fe6983a11aa9f158ac5dc87c4891f4
IDENTICAL	src/agents/embedded-agent-utils.ts	733f1646ba29aede3d729af780ce65a92cbf50e1	733f1646ba29aede3d729af780ce65a92cbf50e1
IDENTICAL	src/agents/openclaw-tools.session-status.test.ts	8188ce5133603e369cf85ce6047c8c2a493ba260	8188ce5133603e369cf85ce6047c8c2a493ba260
IDENTICAL	src/agents/openclaw-tools.sessions.test.ts	dc0874141e7be7c7c5aa950ba33846a66834254e	dc0874141e7be7c7c5aa950ba33846a66834254e
IDENTICAL	src/agents/openclaw-tools.subagents.sessions-spawn.lifecycle.test.ts	815713922088dd98f42b6d05b50164385f1f121f	815713922088dd98f42b6d05b50164385f1f121f
IDENTICAL	src/agents/openclaw-tools.ts	b1a18955a82fca7788eed7e8ab7722ca79cab9fd	b1a18955a82fca7788eed7e8ab7722ca79cab9fd
IDENTICAL	src/agents/sandbox/fs-bridge.boundary.test.ts	18703974c519773e83140c4172cbf610296b6a1a	18703974c519773e83140c4172cbf610296b6a1a
IDENTICAL	src/agents/sandbox/remote-fs-bridge.test.ts	115c8624889816c21d0bfbcf3754c58b0dcfbf7a	115c8624889816c21d0bfbcf3754c58b0dcfbf7a
IDENTICAL	src/agents/session-transcript-repair.ts	e8750d66b7fede2c7f6c40dc206560204d9e294c	e8750d66b7fede2c7f6c40dc206560204d9e294c
IDENTICAL	src/agents/sessions/package-manager.test.ts	7d987c3054b26278bc5b33eb74dd0aa66f991250	7d987c3054b26278bc5b33eb74dd0aa66f991250
IDENTICAL	src/agents/shell-snapshot.ts	2bcc409e0195cfba01b14e9166659c0d7cf236e3	2bcc409e0195cfba01b14e9166659c0d7cf236e3
IDENTICAL	src/agents/spawn-pipeline.ts	cb30b2f183a20c1ea54cfed1a4399e245df57049	cb30b2f183a20c1ea54cfed1a4399e245df57049
IDENTICAL	src/agents/subagents/announce/subagent-announce-descendant-wake.ts	417fc0593e24ff4e3499199cda29dadacf2f5ad2	417fc0593e24ff4e3499199cda29dadacf2f5ad2
IDENTICAL	src/agents/subagents/announce/subagent-announce-output.ts	86fc4eaad006b36e6e3fc6a229d3f730da2159e9	86fc4eaad006b36e6e3fc6a229d3f730da2159e9
IDENTICAL	src/agents/subagents/announce/subagent-announce.format.e2e.test.ts	b447c9960623fda3a75ca14b5aa7196f5cf4ccc1	b447c9960623fda3a75ca14b5aa7196f5cf4ccc1
IDENTICAL	src/agents/subagents/announce/subagent-announce.requester-settle-wake.ts	65228676d7791495f8e15f75062be5ed08c7153d	65228676d7791495f8e15f75062be5ed08c7153d
IDENTICAL	src/agents/subagents/announce/subagent-announce.test.ts	da0a43c3df1acf313cbdfa7371ccad3629be9e3a	da0a43c3df1acf313cbdfa7371ccad3629be9e3a
IDENTICAL	src/agents/subagents/announce/subagent-announce.timeout.test.ts	c2df580f5e7bcde31d24a72428e55eeb0a1e59bb	c2df580f5e7bcde31d24a72428e55eeb0a1e59bb
IDENTICAL	src/agents/subagents/announce/subagent-announce.ts	8967bb3bc576c976d2769fc89738db6517743647	8967bb3bc576c976d2769fc89738db6517743647
IDENTICAL	src/agents/subagents/completion/subagent-completion-admission.store.ts	60c6241677f9a8ca2371b5d55d6031622bd8a5af	60c6241677f9a8ca2371b5d55d6031622bd8a5af
IDENTICAL	src/agents/subagents/registry/subagent-control-messaging.ts	16dba1b4e830669a8bde344aaa4ef8edba2a5c0c	16dba1b4e830669a8bde344aaa4ef8edba2a5c0c
IDENTICAL	src/agents/subagents/registry/subagent-registry-completion.ts	06ff3185b9a0089ac4369743e158a6529df2083e	06ff3185b9a0089ac4369743e158a6529df2083e
IDENTICAL	src/agents/subagents/registry/subagent-registry-lifecycle-announce-cleanup.ts	c16ed42f2431f13ea8ddab404326ceb41cf34827	c16ed42f2431f13ea8ddab404326ceb41cf34827
IDENTICAL	src/agents/subagents/registry/subagent-registry-lifecycle-completion.ts	6d3a4da2c663d603fa42a2c5917039e2b3187d11	6d3a4da2c663d603fa42a2c5917039e2b3187d11
IDENTICAL	src/agents/subagents/registry/subagent-registry-lifecycle-delivery.ts	d6b1aad350cbebcd840c17bb1c8ceac78bcfac37	d6b1aad350cbebcd840c17bb1c8ceac78bcfac37
IDENTICAL	src/agents/subagents/registry/subagent-registry-maintenance.ts	e62a07a612f79c50e96e8a9c0e7286a2c52ea379	e62a07a612f79c50e96e8a9c0e7286a2c52ea379
IDENTICAL	src/agents/subagents/registry/subagent-registry-queries.ts	86c12d46efb1046de2f6b95b5deb0f44dcbdf98a	86c12d46efb1046de2f6b95b5deb0f44dcbdf98a
IDENTICAL	src/agents/subagents/registry/subagent-registry-restart-recovery.test.ts	65bdc5af8a675b60b077cbb80540070c7e16bf48	65bdc5af8a675b60b077cbb80540070c7e16bf48
IDENTICAL	src/agents/subagents/registry/subagent-registry-restart-recovery.ts	d2ad2455df79ca72e973a0e921c9ef0feea04d67	d2ad2455df79ca72e973a0e921c9ef0feea04d67
IDENTICAL	src/agents/subagents/registry/subagent-registry-restore.ts	0baf5dd411d8ef8381bc3413010e047bc0f33263	0baf5dd411d8ef8381bc3413010e047bc0f33263
IDENTICAL	src/agents/subagents/registry/subagent-registry-run-launch.ts	f7080e230da99428ea41bf0679d11ac34197068b	f7080e230da99428ea41bf0679d11ac34197068b
IDENTICAL	src/agents/subagents/registry/subagent-registry-run-recovery.ts	eca27e9c0ff86b363a9f5629d6f91470aaad673e	eca27e9c0ff86b363a9f5629d6f91470aaad673e
IDENTICAL	src/agents/subagents/registry/subagent-registry-run-wait.ts	35f11bd49c841f0a19179eba481368a02bdebe38	35f11bd49c841f0a19179eba481368a02bdebe38
IDENTICAL	src/agents/subagents/registry/subagent-registry-sweep-kill.ts	ea000e31068649c7f4e93046e349b6789c1039b9	ea000e31068649c7f4e93046e349b6789c1039b9
IDENTICAL	src/agents/subagents/registry/subagent-registry-sweeper-recovery.test.ts	bd1a68d7b44e2e4cda408602ebc200fedc01ad1e	bd1a68d7b44e2e4cda408602ebc200fedc01ad1e
IDENTICAL	src/agents/subagents/registry/subagent-registry-sweeper.ts	5a6c7af9d6becdc9da3f56027c684028aa9d9606	5a6c7af9d6becdc9da3f56027c684028aa9d9606
IDENTICAL	src/agents/subagents/registry/subagent-registry.lifecycle-retry-grace.e2e.test.ts	427212b256eca510c52eed15f9c1454ee1129134	427212b256eca510c52eed15f9c1454ee1129134
IDENTICAL	src/agents/subagents/registry/subagent-registry.persistence.test.ts	3b50a8478137756383d55c8aa528c2e1b992cd66	3b50a8478137756383d55c8aa528c2e1b992cd66
IDENTICAL	src/agents/subagents/registry/subagent-registry.test.ts	b7c5296cc6be82f10fc5f046f160759b6577f013	b7c5296cc6be82f10fc5f046f160759b6577f013
IDENTICAL	src/agents/subagents/registry/subagent-registry.ts	adfb4b9afe66b7c59572ea555cb241ce998cb4a1	adfb4b9afe66b7c59572ea555cb241ce998cb4a1
IDENTICAL	src/agents/subagents/registry/subagent-registry.types.ts	2c60fc3d204ac4b50f6e4a115cbb0f3b660e5824	2c60fc3d204ac4b50f6e4a115cbb0f3b660e5824
IDENTICAL	src/agents/subagents/registry/subagent-run-liveness.ts	5f8f6d9b634feb64172678bbfb66b9ea63b33df0	5f8f6d9b634feb64172678bbfb66b9ea63b33df0
IDENTICAL	src/agents/subagents/registry/subagent-session-cleanup.ts	04f4255be59982fccbf4c66c9e1d52f2008355c6	04f4255be59982fccbf4c66c9e1d52f2008355c6
IDENTICAL	src/agents/subagents/registry/subagent-session-reconciliation.ts	cfaec26c3371ee6df77604058ec997f813b1e6c0	cfaec26c3371ee6df77604058ec997f813b1e6c0
IDENTICAL	src/agents/subagents/spawn/acp-spawn-parent-stream.test.ts	cd6db4044251ec4f385a3ffce41b4fe08a1591c4	cd6db4044251ec4f385a3ffce41b4fe08a1591c4
IDENTICAL	src/agents/subagents/spawn/acp-spawn-parent-stream.ts	5fd4cdba794791624af626641fee9090532f1e86	5fd4cdba794791624af626641fee9090532f1e86
IDENTICAL	src/agents/subagents/spawn/acp-spawn.test.ts	991159ae1c61fb2e1c3eaac2cb6b455d7cc620b5	991159ae1c61fb2e1c3eaac2cb6b455d7cc620b5
IDENTICAL	src/agents/subagents/spawn/subagent-attachments.ts	d248ea6e18e9558b09cce2c4bf62a7152d1943a7	d248ea6e18e9558b09cce2c4bf62a7152d1943a7
IDENTICAL	src/agents/subagents/spawn/subagent-spawn-cleanup.test.ts	24df85943ea20eb9437d5687fb0fb014f8ee20ff	24df85943ea20eb9437d5687fb0fb014f8ee20ff
IDENTICAL	src/agents/subagents/spawn/subagent-spawn-cleanup.ts	b7e86430131b284ae3390fe1414bae16a0796b98	b7e86430131b284ae3390fe1414bae16a0796b98
IDENTICAL	src/agents/subagents/spawn/subagent-spawn-session-patch.ts	c6a4bb3192b3ff2cea0fda0682a3742e4f5925dc	c6a4bb3192b3ff2cea0fda0682a3742e4f5925dc
IDENTICAL	src/agents/subagents/spawn/subagent-spawn.attachments.test.ts	15519eadc9806a7d76c49bd36cd349c3c8c61017	15519eadc9806a7d76c49bd36cd349c3c8c61017
IDENTICAL	src/agents/subagents/spawn/subagent-spawn.in-process-gateway.test.ts	a27e4a80f115c9e63180c0311464e20ada36e141	a27e4a80f115c9e63180c0311464e20ada36e141
IDENTICAL	src/agents/subagents/spawn/subagent-spawn.model-session.test.ts	9d4a3961a6e313cbc4034dee7f193bcfc1d52a2e	9d4a3961a6e313cbc4034dee7f193bcfc1d52a2e
IDENTICAL	src/agents/subagents/spawn/subagent-spawn.runtime.ts	391bde3f7ef484b2da61473973d30cc6ceda0e74	391bde3f7ef484b2da61473973d30cc6ceda0e74
IDENTICAL	src/agents/subagents/spawn/subagent-spawn.test-helpers.ts	7e92d77a33f27fdf25925e6e23305fcf5ba7c59f	7e92d77a33f27fdf25925e6e23305fcf5ba7c59f
IDENTICAL	src/agents/subagents/spawn/subagent-spawn.test.ts	bdfb9fbe6cb50e8832729468589e71f7fc7ffb7a	bdfb9fbe6cb50e8832729468589e71f7fc7ffb7a
IDENTICAL	src/agents/subagents/spawn/subagent-spawn.ts	c9e06d01373a7e53a4f22767b1b0579bafe690cf	c9e06d01373a7e53a4f22767b1b0579bafe690cf
IDENTICAL	src/agents/tool-display-config.ts	5c5046b75fa8e8de4dc528f3306953abacd5badd	5c5046b75fa8e8de4dc528f3306953abacd5badd
IDENTICAL	src/agents/tool-display-message-config.ts	0bd93dcb86a303dde45da08cb593b2d0c6714eca	0bd93dcb86a303dde45da08cb593b2d0c6714eca
IDENTICAL	src/agents/tool-error-summary.ts	ed3f31bb80e0b7985fe71cdd8a200fde2ad0fbb2	ed3f31bb80e0b7985fe71cdd8a200fde2ad0fbb2
IDENTICAL	src/agents/tool-result-error.ts	9e9bc4b6f2ca92c95909399ca6e91d82174d1551	9e9bc4b6f2ca92c95909399ca6e91d82174d1551
IDENTICAL	src/agents/tools-effective-inventory.test.ts	2bab1dc136898fca33efb547aede76aec17914d2	2bab1dc136898fca33efb547aede76aec17914d2
IDENTICAL	src/agents/tools/media-generate-background-shared.ts	73648d31c9f09f0138a7f47e54971a3da47c2ad6	73648d31c9f09f0138a7f47e54971a3da47c2ad6
IDENTICAL	src/agents/tools/sessions-spawn-tool.ts	a3fde5b64088b9134cff7f489480f33c7c8f60e7	a3fde5b64088b9134cff7f489480f33c7c8f60e7
IDENTICAL	src/agents/transcript-redact.ts	5984a4193e803e86949c82ca3996f288def7ed14	5984a4193e803e86949c82ca3996f288def7ed14
IDENTICAL	src/auto-reply/reply/abort.test.ts	836563eb1553efa5dddd79823d3dfc92f32c389a	836563eb1553efa5dddd79823d3dfc92f32c389a
IDENTICAL	src/auto-reply/reply/agent-runner-cli-candidate.ts	252b868911cd47a7f02b73c86efbaf3c8d3f51a9	252b868911cd47a7f02b73c86efbaf3c8d3f51a9
IDENTICAL	src/auto-reply/reply/agent-runner-embedded-candidate.ts	2842c205c669ccabcb9e09bb2a1f3cef776f06d5	2842c205c669ccabcb9e09bb2a1f3cef776f06d5
IDENTICAL	src/auto-reply/reply/agent-runner-execution.ts	9a13f91ab5b21768396976a634650217f4c142c5	9a13f91ab5b21768396976a634650217f4c142c5
IDENTICAL	src/auto-reply/reply/agent-runner-fallback-candidate.ts	682351e770ba765d34f41bc82a5f74e91043c92e	682351e770ba765d34f41bc82a5f74e91043c92e
IDENTICAL	src/auto-reply/reply/agent-runner-fallback-settlement.ts	a2af7f7133bf1067841c166fff79c94069b922c2	a2af7f7133bf1067841c166fff79c94069b922c2
IDENTICAL	src/auto-reply/reply/agent-runner-result-accounting.test.ts	b73ab9210c5a0ac1d65bf9f888ac6afa5dafac16	b73ab9210c5a0ac1d65bf9f888ac6afa5dafac16
IDENTICAL	src/auto-reply/reply/agent-runner-result-accounting.ts	4b30210241ceb99c2c51e998ff65e93017ad1dfb	4b30210241ceb99c2c51e998ff65e93017ad1dfb
IDENTICAL	src/auto-reply/reply/agent-runner-result-complete.ts	2d2c3db71f729ba9fceb5ad3033c2e563f5b593c	2d2c3db71f729ba9fceb5ad3033c2e563f5b593c
IDENTICAL	src/auto-reply/reply/agent-runner-result-payloads.ts	712ea5be8db5349d9c12dfcd6a001899fa1face2	712ea5be8db5349d9c12dfcd6a001899fa1face2
IDENTICAL	src/auto-reply/reply/agent-runner.misc.runreplyagent.test.ts	a90e5e2fe213cca3228f931e41c1d01283a1024e	a90e5e2fe213cca3228f931e41c1d01283a1024e
IDENTICAL	src/auto-reply/reply/commands-compact.runtime.ts	53b087fab6255922de75eea2ea0f8335a4651998	53b087fab6255922de75eea2ea0f8335a4651998
IDENTICAL	src/auto-reply/reply/commands-compact.ts	c172ac2ad1b95bfd6de8a56a0a53669cdf95740a	c172ac2ad1b95bfd6de8a56a0a53669cdf95740a
IDENTICAL	src/auto-reply/reply/commands-context-report.ts	da4f14374cd5e3db1a64d6e7fb00cfbc40611f33	da4f14374cd5e3db1a64d6e7fb00cfbc40611f33
IDENTICAL	src/auto-reply/reply/directive-handling.mixed-inline.test.ts	5827ca5fe9bc5774ac7e916e3c661ec1679d93b2	5827ca5fe9bc5774ac7e916e3c661ec1679d93b2
IDENTICAL	src/auto-reply/reply/followup-turn-admission.ts	720dc0c2410befbf6bd2571b4409e4302602765d	720dc0c2410befbf6bd2571b4409e4302602765d
IDENTICAL	src/auto-reply/reply/get-reply-run-admission.ts	299f03c5e4de91864c38fa7f8d2ac2113821ee93	299f03c5e4de91864c38fa7f8d2ac2113821ee93
IDENTICAL	src/auto-reply/reply/get-reply-run-execute.ts	b89199e5fcdff718f69e46194608cd13d8f92006	b89199e5fcdff718f69e46194608cd13d8f92006
IDENTICAL	src/auto-reply/reply/get-reply-run.media-only.test.ts	c68641a9464adc112ac7046a91115e4244fc0995	c68641a9464adc112ac7046a91115e4244fc0995
IDENTICAL	src/auto-reply/reply/get-reply.ts	d68f76a34ac21ff16d8d370e4ec055572468b917	d68f76a34ac21ff16d8d370e4ec055572468b917
IDENTICAL	src/auto-reply/reply/reply-state.test.ts	416795efdec3f07c3622fe107d24391e6171fa01	416795efdec3f07c3622fe107d24391e6171fa01
IDENTICAL	src/auto-reply/reply/session-init-conflict-retry.ts	5c56bc91ada6c63a340cbf45045488624c6b0974	5c56bc91ada6c63a340cbf45045488624c6b0974
IDENTICAL	src/auto-reply/reply/session-system-events.ts	efb34cdf465ae4a8f4db59468cb784965a61d877	efb34cdf465ae4a8f4db59468cb784965a61d877
IDENTICAL	src/auto-reply/reply/session-updates.ts	fd1b6093db35aeed565467b70e597bd4cd5e9a3a	fd1b6093db35aeed565467b70e597bd4cd5e9a3a
IDENTICAL	src/auto-reply/reply/session.test.ts	e6d8b9a12ba0b19818f62616f178501952a7d723	e6d8b9a12ba0b19818f62616f178501952a7d723
IDENTICAL	src/auto-reply/tokens.test.ts	6c07694a51898ea793daf66739712c68c5da51a2	6c07694a51898ea793daf66739712c68c5da51a2
IDENTICAL	src/cli/gateway-cli/run.option-collisions.test.ts	9793cc11532ceba64b82d6e45dfa0b993150c27c	9793cc11532ceba64b82d6e45dfa0b993150c27c
IDENTICAL	src/commands/agent/session.test.ts	9a5713ccbb55f7d35a99b7e435e4de4272f9b3d7	9a5713ccbb55f7d35a99b7e435e4de4272f9b3d7
IDENTICAL	src/commands/doctor-config-preflight.legacy-copy.test.ts	7e7b3d4c0acb2c12b3b4285de1f8524f4498e2f0	7e7b3d4c0acb2c12b3b4285de1f8524f4498e2f0
IDENTICAL	src/commands/doctor-device-pairing.test.ts	122f7b1520206205016d71447101bceae044f7fc	122f7b1520206205016d71447101bceae044f7fc
IDENTICAL	src/commands/doctor-session-sqlite.test.ts	16f9da8267a70a0d710afa4ca2e910231c683499	16f9da8267a70a0d710afa4ca2e910231c683499
IDENTICAL	src/commands/export-trajectory.test.ts	52cb72e85ef6a7860e4b21362e557a21bd78b220	52cb72e85ef6a7860e4b21362e557a21bd78b220
IDENTICAL	src/commands/flows.test.ts	51ddc018da3e7d9d8189a1a4718c876a6b74be15	51ddc018da3e7d9d8189a1a4718c876a6b74be15
IDENTICAL	src/commands/sandbox-explain.test.ts	573961b9ea8714f0454a0aa0bcb0ef1742529ce0	573961b9ea8714f0454a0aa0bcb0ef1742529ce0
IDENTICAL	src/commands/status.test.ts	37303de66b7f6fc8b5d999ff4bb36dbdc364076e	37303de66b7f6fc8b5d999ff4bb36dbdc364076e
IDENTICAL	src/config/io.compat.test.ts	834ac0a49babd963a6ef349a4ec00e753b05cd5c	834ac0a49babd963a6ef349a4ec00e753b05cd5c
IDENTICAL	src/config/io.scalar-root.test.ts	5be6b20b33cfdf44af8a73e10c675b454d475d91	5be6b20b33cfdf44af8a73e10c675b454d475d91
IDENTICAL	src/config/sessions/artifacts.ts	23f78a4829ee544ec59df5c3d6af112b86ba1b98	23f78a4829ee544ec59df5c3d6af112b86ba1b98
IDENTICAL	src/config/sessions/cache-fields.test.ts	fd76290170db2493e67602fd3fd56dece7b46fa5	fd76290170db2493e67602fd3fd56dece7b46fa5
IDENTICAL	src/config/sessions/conversation-registry.test.ts	e179e85473f81f52968514c64adf38fc1e7bbb2a	e179e85473f81f52968514c64adf38fc1e7bbb2a
IDENTICAL	src/config/sessions/goals.ts	8ecd5c503f713c4e028f6039b7048252aa1d8bee	8ecd5c503f713c4e028f6039b7048252aa1d8bee
IDENTICAL	src/config/sessions/lifecycle.ts	70c86420ec731d223acf7d4854820886a81c5805	70c86420ec731d223acf7d4854820886a81c5805
IDENTICAL	src/config/sessions/session-accessor.conformance.test.ts	e55a1da861150254a0d04dfb9db2af724ca6cb99	e55a1da861150254a0d04dfb9db2af724ca6cb99
IDENTICAL	src/config/sessions/session-accessor.sqlite-entry.ts	5d615bd54590d4bcf87825a3310358aee5dfcc0e	5d615bd54590d4bcf87825a3310358aee5dfcc0e
IDENTICAL	src/config/sessions/session-accessor.sqlite-parent-fork.ts	70ad798cf11cb376ada5953ece49ad18bc4925b4	70ad798cf11cb376ada5953ece49ad18bc4925b4
IDENTICAL	src/config/sessions/session-accessor.sqlite-parent-session.ts	45c0af2a497cb5987fd91734b5e95adccf0032f7	45c0af2a497cb5987fd91734b5e95adccf0032f7
IDENTICAL	src/config/sessions/session-accessor.sqlite-transcript-write.ts	6ac20c9af427cb98989a41713d68cc84d19c156a	6ac20c9af427cb98989a41713d68cc84d19c156a
IDENTICAL	src/config/sessions/session-snapshot-merge.test.ts	a62982e979b999f2944721e98eb55e63c58de5dc	a62982e979b999f2944721e98eb55e63c58de5dc
IDENTICAL	src/config/sessions/types.ts	9bdb761337eed2750e70dc1797020684411463d6	9bdb761337eed2750e70dc1797020684411463d6
IDENTICAL	src/config/zod-schema.agent-defaults.ts	90c5da1a58c4b0907abf946d218a9fbe9a420854	90c5da1a58c4b0907abf946d218a9fbe9a420854
IDENTICAL	src/context-engine/context-engine.test.ts	df716ce2ef20a25a08c22d3434c084d4298b9b9a	df716ce2ef20a25a08c22d3434c084d4298b9b9a
IDENTICAL	src/cron/isolated-agent/run.runtime.ts	ac623d9f5c30c4739b321f356ed3a2fff7ec7d0c	ac623d9f5c30c4739b321f356ed3a2fff7ec7d0c
IDENTICAL	src/cron/service.runs-one-shot-main-job-disables-it.test.ts	59248c460efea6fc97ecce2b280cdc6d18896b34	59248c460efea6fc97ecce2b280cdc6d18896b34
IDENTICAL	src/cron/service/state.ts	ee8dc7d86fd26f9f67ad0590ca10e1b81ca3d60d	ee8dc7d86fd26f9f67ad0590ca10e1b81ca3d60d
IDENTICAL	src/cron/service/timer-execution.ts	fc6654bf88205901bb83f7457e9b03201333fb78	fc6654bf88205901bb83f7457e9b03201333fb78
IDENTICAL	src/cron/service/timer.regression.test.ts	f6898f04e37f43f0c9a1cb733561692f90d84bb8	f6898f04e37f43f0c9a1cb733561692f90d84bb8
IDENTICAL	src/gateway/agent-turn/agent-session-persist.ts	235f0ef9b13c7eb13928b9660aa1dd59fad9f7cc	235f0ef9b13c7eb13928b9660aa1dd59fad9f7cc
IDENTICAL	src/gateway/chat-display-projection.core.ts	69b22279a9c9dbc7dea1c6dec4cea31c2cb679a4	69b22279a9c9dbc7dea1c6dec4cea31c2cb679a4
IDENTICAL	src/gateway/mcp-http.runtime.ts	a16b45367957df363e2d581f925b24f59c2fa378	a16b45367957df363e2d581f925b24f59c2fa378
IDENTICAL	src/gateway/portals/portal-http-proxy.ts	82fb88e3062c2e53e2170a3857441e55d4cfd9ba	82fb88e3062c2e53e2170a3857441e55d4cfd9ba
IDENTICAL	src/gateway/probe.device-auth-scope.test.ts	abcd96252d57affe3d94c965f5294a79cf5c7656	abcd96252d57affe3d94c965f5294a79cf5c7656
IDENTICAL	src/gateway/server-chat.agent-events.test.ts	8b3b029ff0f235d86bfe2910fd34bc391e6c785e	8b3b029ff0f235d86bfe2910fd34bc391e6c785e
IDENTICAL	src/gateway/server-chat.ts	83f0fdee458c087e0c3d88f5231455f60811f041	83f0fdee458c087e0c3d88f5231455f60811f041
IDENTICAL	src/gateway/server-close.test.ts	a04e6d7e9c2383edf1338328f26e6530ada8d0e1	a04e6d7e9c2383edf1338328f26e6530ada8d0e1
IDENTICAL	src/gateway/server-maintenance.ts	ed76e3887767bb67a0d0a0c62810d2ca39a6603a	ed76e3887767bb67a0d0a0c62810d2ca39a6603a
IDENTICAL	src/gateway/server-methods/agent.events-and-subagents.test-utils.ts	6ac574049fbb2fa58a6668f202a81de23e26dc79	6ac574049fbb2fa58a6668f202a81de23e26dc79
IDENTICAL	src/gateway/server-methods/chat-send-agent-dispatch.ts	7639e83369ce474d9f99f9944aeb6596bbc98f8f	7639e83369ce474d9f99f9944aeb6596bbc98f8f
IDENTICAL	src/gateway/server-node-events.ts	56b95c7ae44712b6ce4286b7a498871d5aafe5d3	56b95c7ae44712b6ce4286b7a498871d5aafe5d3
IDENTICAL	src/gateway/server-restart-sentinel.test.ts	811eb9fd79d7c4db1dc987cdad1a3ff4f71bd656	811eb9fd79d7c4db1dc987cdad1a3ff4f71bd656
IDENTICAL	src/gateway/server-restart-sentinel.ts	0f6d5c577999229c93df42a4ee49e07a091aac8f	0f6d5c577999229c93df42a4ee49e07a091aac8f
IDENTICAL	src/gateway/server-runtime-services.test.ts	9f6dd3b5266f42e24c7ab31b8abe362ab7af5a2b	9f6dd3b5266f42e24c7ab31b8abe362ab7af5a2b
IDENTICAL	src/gateway/server-runtime-services.ts	23c17a3d503e6d30b42d26a14d2bda73ec198c91	23c17a3d503e6d30b42d26a14d2bda73ec198c91
IDENTICAL	src/gateway/server-runtime-subscriptions.test.ts	f218ad66821e4fb701ae0ced14f5c8c8a8e32c3c	f218ad66821e4fb701ae0ced14f5c8c8a8e32c3c
IDENTICAL	src/gateway/server-runtime-subscriptions.ts	dc685e715769c59f636f7f6e1b547e2403e69266	dc685e715769c59f636f7f6e1b547e2403e69266
IDENTICAL	src/gateway/server/hooks.early-failure.test.ts	8e774031f2a3f8c3a50e90f9a8d51c30e3da9230	8e774031f2a3f8c3a50e90f9a8d51c30e3da9230
IDENTICAL	src/gateway/server/hooks.terminal-target.test.ts	ad717653116f487b6ba767b8ad1e06bc80a51159	ad717653116f487b6ba767b8ad1e06bc80a51159
IDENTICAL	src/gateway/session-compaction-checkpoints.ts	7c2441b0b96c44bd7d56d780456645c3d7d7cd86	7c2441b0b96c44bd7d56d780456645c3d7d7cd86
IDENTICAL	src/gateway/session-recovery-entry.ts	acad97cf581fe1416c3f5019baca330f6181e1a1	acad97cf581fe1416c3f5019baca330f6181e1a1
IDENTICAL	src/gateway/session-utils-contracts.ts	8595c1023fb05eee177540ed9ba480613dd16aaf	8595c1023fb05eee177540ed9ba480613dd16aaf
IDENTICAL	src/gateway/test/server-sessions.test-helpers.ts	0e251e7b44c7d97551fc9361899a59d850091877	0e251e7b44c7d97551fc9361899a59d850091877
IDENTICAL	src/infra/delivery-queue-sqlite-bound.ts	58925b1b1f040d4364baf4b5c421c59796f4f945	58925b1b1f040d4364baf4b5c421c59796f4f945
IDENTICAL	src/infra/delivery-queue-sqlite.ts	230d6a4c5b3e0ebb51e589d053a66d2389315ed2	230d6a4c5b3e0ebb51e589d053a66d2389315ed2
IDENTICAL	src/infra/device-auth-store.test.ts	109d6c829dcf4f6c1141b81e16c150116e6f2d30	109d6c829dcf4f6c1141b81e16c150116e6f2d30
IDENTICAL	src/infra/device-identity-coordinator.contract.test.ts	e47b7eff4c8633e9151fd73d5fb04ef6a547a9d1	e47b7eff4c8633e9151fd73d5fb04ef6a547a9d1
IDENTICAL	src/infra/device-identity.state-dir.test.ts	7f8ed76bd6ccc34cba3bfdb922b53233fe25df4a	7f8ed76bd6ccc34cba3bfdb922b53233fe25df4a
IDENTICAL	src/infra/device-identity.test.ts	567c5abb09ca36c0f4e30e241336315f13898f5b	567c5abb09ca36c0f4e30e241336315f13898f5b
IDENTICAL	src/infra/diagnostic-trace-context.ts	6298b3bfb0e1a363cdf817962493dc8673788bd9	6298b3bfb0e1a363cdf817962493dc8673788bd9
IDENTICAL	src/infra/exec-authorization-render.ts	6bba9792a33d6b6f0e2d3ce5db7c691c11fb7179	6bba9792a33d6b6f0e2d3ce5db7c691c11fb7179
IDENTICAL	src/infra/gateway-lock.state-dir.test.ts	3630f9758521c017cacbf6e693181be6864f137e	3630f9758521c017cacbf6e693181be6864f137e
IDENTICAL	src/infra/heartbeat-cooldown.ts	a8850615ef77901e0ed39c959bb2af7d2ab03925	a8850615ef77901e0ed39c959bb2af7d2ab03925
IDENTICAL	src/infra/heartbeat-outcome-store.ts	425293fcd29d74ad20c5d29cb0af944625bef158	425293fcd29d74ad20c5d29cb0af944625bef158
IDENTICAL	src/infra/heartbeat-reason.test.ts	43f43af061081f35b6b241e1685351980722186a	43f43af061081f35b6b241e1685351980722186a
IDENTICAL	src/infra/heartbeat-reason.ts	b02faf76e96cffebe70e4c6eedeae266ee02a2d0	b02faf76e96cffebe70e4c6eedeae266ee02a2d0
IDENTICAL	src/infra/heartbeat-runner-config.ts	93a99c73723a723b4cf9a0b6ea34bdc896b86fc1	93a99c73723a723b4cf9a0b6ea34bdc896b86fc1
IDENTICAL	src/infra/heartbeat-runner-delivery.ts	6440ec28ba6f2814d214d06da3d7eef120d6d8ee	6440ec28ba6f2814d214d06da3d7eef120d6d8ee
IDENTICAL	src/infra/heartbeat-runner-execution.ts	9c5876bf14c302f17364084e518fa02d3a0bb15f	9c5876bf14c302f17364084e518fa02d3a0bb15f
IDENTICAL	src/infra/heartbeat-runner-prompt.ts	396dfa6c9df302eb3dccf921927a2c9401937fd3	396dfa6c9df302eb3dccf921927a2c9401937fd3
IDENTICAL	src/infra/heartbeat-runner-run.ts	ba141b5cc7393e27e055c2c83ba39f5564bce12f	ba141b5cc7393e27e055c2c83ba39f5564bce12f
IDENTICAL	src/infra/heartbeat-runner-scheduler.ts	109ec086f63888be607979bd36613a998d5d6802	109ec086f63888be607979bd36613a998d5d6802
IDENTICAL	src/infra/heartbeat-runner.ack-token-heartbeat-acks.test.ts	43adc0b5546c4c68870ceb7f00314f93382e2682	43adc0b5546c4c68870ceb7f00314f93382e2682
IDENTICAL	src/infra/heartbeat-runner.ghost-reminder.test.ts	4d2008e18eb218b512419b03b05914ab374ef394	4d2008e18eb218b512419b03b05914ab374ef394
IDENTICAL	src/infra/heartbeat-runner.identity.test.ts	9208d147f9f185f3e2d26373716d232ef4ef5994	9208d147f9f185f3e2d26373716d232ef4ef5994
IDENTICAL	src/infra/heartbeat-runner.scheduler-owner-resolution.test.ts	c97ce152cbd023c63902a4135ddc63007a9400c3	c97ce152cbd023c63902a4135ddc63007a9400c3
IDENTICAL	src/infra/heartbeat-runner.stale-exec.test.ts	6d1da3e6538017844ffbed4f4bfb9b1534296478	6d1da3e6538017844ffbed4f4bfb9b1534296478
IDENTICAL	src/infra/heartbeat-runner.targeted-unscheduled-wake.test.ts	4c114448d3089f172f714b0db2e10f962e08e15e	4c114448d3089f172f714b0db2e10f962e08e15e
IDENTICAL	src/infra/heartbeat-runner.ts	51a937f5ec06da375c5387dc2ad1e53d59d2caf2	51a937f5ec06da375c5387dc2ad1e53d59d2caf2
IDENTICAL	src/infra/heartbeat-wake-lifecycle.ts	bf76e53f3241277c0f9b49137deaf916af996dcf	bf76e53f3241277c0f9b49137deaf916af996dcf
IDENTICAL	src/infra/heartbeat-wake-policy.ts	32d9803d53eb52ba73bd28a2e829064e362c6a11	32d9803d53eb52ba73bd28a2e829064e362c6a11
IDENTICAL	src/infra/heartbeat-wake.preemption.test.ts	da1b859b1fc249699f4584626821699841a83a4b	da1b859b1fc249699f4584626821699841a83a4b
IDENTICAL	src/infra/heartbeat-wake.test.ts	4517837edb47cc3f712d3e128e1f7fa1d746ebd0	4517837edb47cc3f712d3e128e1f7fa1d746ebd0
IDENTICAL	src/infra/heartbeat-wake.transcript-context.test.ts	4a91b2d99772dbb0db359663be6c01aeddba3215	4a91b2d99772dbb0db359663be6c01aeddba3215
IDENTICAL	src/infra/heartbeat-wake.ts	dd810b311651139ca24e3579d30e57a2c14824f0	dd810b311651139ca24e3579d30e57a2c14824f0
IDENTICAL	src/infra/openclaw-cli-invocation.test.ts	6e397f92be1df2becd39fd6dcccfbbaa4d886759	6e397f92be1df2becd39fd6dcccfbbaa4d886759
IDENTICAL	src/infra/openclaw-cli-shim.test.ts	825f9e24f9c7664029c6d6abb3ab95a21db95350	825f9e24f9c7664029c6d6abb3ab95a21db95350
IDENTICAL	src/infra/outbound/outbound-session.test.ts	a8a0c482067b5c465f6012abfbe7594568d688b2	a8a0c482067b5c465f6012abfbe7594568d688b2
IDENTICAL	src/infra/session-cost-usage.test.ts	62f8e83feb3e26a1114fe0fc14aacccac96d00f2	62f8e83feb3e26a1114fe0fc14aacccac96d00f2
IDENTICAL	src/infra/session-cost-usage.ts	0a2025692396c6d58e0ee8d9d56f2f07b1d25b5f	0a2025692396c6d58e0ee8d9d56f2f07b1d25b5f
IDENTICAL	src/infra/session-delivery-queue-storage.ts	03c24c587fdc8a637e08558ebbd2764431a8f69e	03c24c587fdc8a637e08558ebbd2764431a8f69e
IDENTICAL	src/infra/session-delivery-queue.storage.test.ts	4c9967eac9672d56249dc679b98419e092726526	4c9967eac9672d56249dc679b98419e092726526
IDENTICAL	src/infra/state-migrations.legacy-session-store.ts	716b03498c0301ac5d9ea5ee36c426373b6abef8	716b03498c0301ac5d9ea5ee36c426373b6abef8
IDENTICAL	src/infra/system-events.test.ts	9b0005366241bdb8274024f4cd37828532c6d6ca	9b0005366241bdb8274024f4cd37828532c6d6ca
IDENTICAL	src/infra/system-events.ts	8a48d4d3f10215165d6307f68d6421dab33bac6c	8a48d4d3f10215165d6307f68d6421dab33bac6c
IDENTICAL	src/library.ts	7a3fb2b94768f234344778aa19807681ea82aa91	7a3fb2b94768f234344778aa19807681ea82aa91
CHANGED	src/logging/diagnostic.test.ts	9729be70aaef1d7845e7f133468f74efce09f873	2668074feb1af45e3ee6ea173d1fc7864c9d2939
IDENTICAL	src/logging/diagnostic.ts	e00b2e2471ed97a33b2e331aaf5442dfcb0376d4	e00b2e2471ed97a33b2e331aaf5442dfcb0376d4
IDENTICAL	src/media/web-media.test.ts	fd2329ebb74f5b46f90921dce5cc034d2ef0d23c	fd2329ebb74f5b46f90921dce5cc034d2ef0d23c
IDENTICAL	src/node-host/node-worker-transfer-client.test.ts	17ff3aba0e8062bcb05315b33923c182251cf400	17ff3aba0e8062bcb05315b33923c182251cf400
IDENTICAL	src/plugin-sdk/heartbeat-runtime.ts	96a5e94cef4a2ccb07eb7335d87091aab93c187f	96a5e94cef4a2ccb07eb7335d87091aab93c187f
IDENTICAL	src/plugin-sdk/infra-runtime.ts	06670f68b5de67ab1596ad23ae671309b2b7f5d9	06670f68b5de67ab1596ad23ae671309b2b7f5d9
IDENTICAL	src/plugin-sdk/provider-catalog-live-runtime.test.ts	679ccc1eb7a1cad5bd486003e4c8f98fb4ffb400	679ccc1eb7a1cad5bd486003e4c8f98fb4ffb400
IDENTICAL	src/plugin-sdk/provider-catalog-live-runtime.ts	0fb5d9c5075c94f5cee59bdcd57228522e4d390f	0fb5d9c5075c94f5cee59bdcd57228522e4d390f
IDENTICAL	src/plugin-sdk/system-event-runtime.ts	3eae08ab7bde7f3d47264d62e1df02fb0e462124	3eae08ab7bde7f3d47264d62e1df02fb0e462124
IDENTICAL	src/plugins/git-install.test.ts	bf16d936d05210d52d8b0bc66e489cbe7ad93b01	bf16d936d05210d52d8b0bc66e489cbe7ad93b01
IDENTICAL	src/plugins/git-install.ts	8eb0a2f616fa99d791a8dfa7ab860edab2479a9f	8eb0a2f616fa99d791a8dfa7ab860edab2479a9f
IDENTICAL	src/plugins/install.test.ts	8810b0f6a5ad63970ad9f75a70be46027a98a827	8810b0f6a5ad63970ad9f75a70be46027a98a827
IDENTICAL	src/plugins/marketplace.test.ts	daee710c509efff35fe2d07bf66843540c464a13	daee710c509efff35fe2d07bf66843540c464a13
IDENTICAL	src/plugins/npm-install-security-scan.release.test.ts	da196d0ec93d1e53cef60dfdea8f39b9266fec5e	da196d0ec93d1e53cef60dfdea8f39b9266fec5e
IDENTICAL	src/plugins/runtime/index.test.ts	730eedfce74e8531e229f2aeee4a3e151e2f925c	730eedfce74e8531e229f2aeee4a3e151e2f925c
IDENTICAL	src/plugins/runtime/runtime-system.ts	2bf32b4090aaa4ba7f4b291a52951e3360be0534	2bf32b4090aaa4ba7f4b291a52951e3360be0534
IDENTICAL	src/plugins/runtime/runtime-taskflow.test.ts	c3c25bc8a9577e5bda5a78ca7590fe1cf8ab4be3	c3c25bc8a9577e5bda5a78ca7590fe1cf8ab4be3
IDENTICAL	src/plugins/runtime/runtime-taskflow.ts	0846d7c80cc1c3051f14e7c6bfba5cdbcc2bfaf7	0846d7c80cc1c3051f14e7c6bfba5cdbcc2bfaf7
IDENTICAL	src/plugins/runtime/types-core.ts	43609e4966aeb981e7dc5cbebe5cd619a6dd5901	43609e4966aeb981e7dc5cbebe5cd619a6dd5901
IDENTICAL	src/plugins/wired-hooks-compaction.test.ts	9ce6fc1570133c1c09db2e6ebca181467f71f2ba	9ce6fc1570133c1c09db2e6ebca181467f71f2ba
IDENTICAL	src/sessions/session-state-notices.test.ts	f4b19e1da5032ceff0d2a75a7ad30e02489367a7	f4b19e1da5032ceff0d2a75a7ad30e02489367a7
IDENTICAL	src/sessions/user-turn-transcript.media-normalize.ts	12551ec825e0ea19e2ca6adb947e3a92ced002ed	12551ec825e0ea19e2ca6adb947e3a92ced002ed
IDENTICAL	src/sessions/user-turn-transcript.test.ts	366f86061037b8389b5d34928bf1d5edb56d766d	366f86061037b8389b5d34928bf1d5edb56d766d
IDENTICAL	src/sessions/user-turn-transcript.ts	ecf82fe93c68def8c99615d5645dfc4e8ce30545	ecf82fe93c68def8c99615d5645dfc4e8ce30545
IDENTICAL	src/shared/chat-message-content.ts	2036ae8bc1d1225e0e6f1935f2b7b0efe4137258	2036ae8bc1d1225e0e6f1935f2b7b0efe4137258
IDENTICAL	src/snapshot/git-backup.test.ts	88873c47caf645e266da94f6392f22e22b9043e3	88873c47caf645e266da94f6392f22e22b9043e3
IDENTICAL	src/status/status-message.ts	1a7bba09f85d3edd73bdbb1cd092f2b5ce2705c5	1a7bba09f85d3edd73bdbb1cd092f2b5ce2705c5
IDENTICAL	src/status/status-text.test.ts	9802e516140bd3516bcacdaae9e9b16fa887ca1e	9802e516140bd3516bcacdaae9e9b16fa887ca1e
IDENTICAL	src/status/status-text.ts	861e54d954e7bb04b184c759caa985e8b4496ff2	861e54d954e7bb04b184c759caa985e8b4496ff2
IDENTICAL	src/status/summary.ts	50748b18ac6f73759fe04c19f7c034928baa26ce	50748b18ac6f73759fe04c19f7c034928baa26ce
IDENTICAL	src/talk/client-voice-session.ts	ddbd212ee5e9692829aca6619edfc5b779c42c21	ddbd212ee5e9692829aca6619edfc5b779c42c21
IDENTICAL	src/tasks/task-flow-registry.audit.test.ts	1440a7de52357f19201cb0c55871c338e6e66635	1440a7de52357f19201cb0c55871c338e6e66635
IDENTICAL	src/tasks/task-registry.maintenance.ts	1927abb9c3f7a023f4d294b20be09b76686fecfa	1927abb9c3f7a023f4d294b20be09b76686fecfa
IDENTICAL	src/tasks/task-registry.test.ts	f0276ad82fb335c0a5834ec03332c69f4e77ce3a	f0276ad82fb335c0a5834ec03332c69f4e77ce3a
IDENTICAL	src/test-utils/repo-files.test.ts	37cfed868982a97c916ae5164e34b7b5d15dc5b3	37cfed868982a97c916ae5164e34b7b5d15dc5b3
IDENTICAL	src/tui/components/tool-execution.ts	855aeeee68460deb0835b91e5673c0ab35827380	855aeeee68460deb0835b91e5673c0ab35827380
IDENTICAL	src/tui/tui-event-handlers.ts	fbc5e97f3060895ec220a09a603ba69d4353a8b1	fbc5e97f3060895ec220a09a603ba69d4353a8b1
IDENTICAL	test/e2e/qa-lab/runtime/telegram-command-menu-gateway.e2e.test.ts	49e23967312f5aded826c987ef3904b1cc91fbd8	49e23967312f5aded826c987ef3904b1cc91fbd8
IDENTICAL	test/e2e/qa-lab/runtime/telegram-model-picker-prepared-gateway.e2e.test.ts	73e8f922969ad86da89bed49d4df1a6109964724	73e8f922969ad86da89bed49d4df1a6109964724
IDENTICAL	test/fixtures/agents/prompt-snapshots/codex-runtime-happy-path/discord-group-codex-message-tool.md	7e65070ec8c04c3f1e86723f4ee0bd94c9d2e36c	7e65070ec8c04c3f1e86723f4ee0bd94c9d2e36c
IDENTICAL	test/fixtures/agents/prompt-snapshots/codex-runtime-happy-path/telegram-direct-codex-message-tool.md	512d0ae9df3ad1371ada96e9052bf71e6718e808	512d0ae9df3ad1371ada96e9052bf71e6718e808
IDENTICAL	test/fixtures/agents/prompt-snapshots/codex-runtime-happy-path/telegram-heartbeat-codex-tool.md	ec93bad5750bbe64ad27dec0ff34ad6d336020ef	ec93bad5750bbe64ad27dec0ff34ad6d336020ef
IDENTICAL	test/helpers/agents/prompt-composition-scenarios.ts	304fc6575c3faeb5de113dc29d75dfa70ae78e7a	304fc6575c3faeb5de113dc29d75dfa70ae78e7a
IDENTICAL	test/scripts/audit-seams.test.ts	b0e90a7e78c6efaf9abf71f8efcc21dd5c113b4c	b0e90a7e78c6efaf9abf71f8efcc21dd5c113b4c
IDENTICAL	test/scripts/check-export-name-collisions.test.ts	25e90191409b6480d399649684c62b3e99e0f8fc	25e90191409b6480d399649684c62b3e99e0f8fc
IDENTICAL	test/scripts/check-wrapper-shadowing.test.ts	0cd98ed9ca16ebaae07b57aa2165636fc6d1b3dd	0cd98ed9ca16ebaae07b57aa2165636fc6d1b3dd
IDENTICAL	test/scripts/ensure-playwright-chromium.test.ts	0e2460adef1a960c66088acf895bc2c19e51e41e	0e2460adef1a960c66088acf895bc2c19e51e41e
IDENTICAL	test/scripts/full-release-validation-at-sha.test.ts	43b50b37cbddd1b253660f99d398449d594629bd	43b50b37cbddd1b253660f99d398449d594629bd
IDENTICAL	test/scripts/kitchen-sink-rpc-walk.test.ts	bbcfd43f2e5fea77c475322b9de933d032647c85	bbcfd43f2e5fea77c475322b9de933d032647c85
IDENTICAL	test/scripts/plugin-sdk-surface-report.test.ts	5a66a11bf6c7e70d0c893e50097ca2f19d34d28b	5a66a11bf6c7e70d0c893e50097ca2f19d34d28b
IDENTICAL	test/vitest-scoped-config.test.ts	005884efeb5039e6b893acf413d31aa90ed43168	005884efeb5039e6b893acf413d31aa90ed43168
IDENTICAL	test/vitest/vitest.extension-active-memory.config.ts	7b799720e6cdda8fe3c556aab769738d6663059e	7b799720e6cdda8fe3c556aab769738d6663059e
IDENTICAL	test/vitest/vitest.test-shards.mjs	f707116c79a0b5b71c7866d58a3fecd0b2ea928d	f707116c79a0b5b71c7866d58a3fecd0b2ea928d
IDENTICAL	test/vitest/vitest.unit-fast-paths.mjs	473d576385318a092648b4db4fb4b8914fa5cf7a	473d576385318a092648b4db4fb4b8914fa5cf7a
IDENTICAL	ui/src/components/form-controls.browser.test.ts	871f7fd61b1b795aba716654b64a2a77c44d5340	871f7fd61b1b795aba716654b64a2a77c44d5340
IDENTICAL	ui/src/pages/chat/components/chat-task-suggestions.ts	2c20b2e8e211c1327aed76382d6b4ed1c83a9b51	2c20b2e8e211c1327aed76382d6b4ed1c83a9b51
IDENTICAL	ui/src/pages/sessions/view.browser.test.ts	36e6eb69c20cc7cdd1a21625666013faf02e47dc	36e6eb69c20cc7cdd1a21625666013faf02e47dc
IDENTICAL	ui/src/styles/chat-file-link-presentation.browser.test.ts	5980710755c75d554df43e3ec0bee5f6b2bfdcc3	5980710755c75d554df43e3ec0bee5f6b2bfdcc3
IDENTICAL	ui/src/styles/chat-github-link-presentation.browser.test.ts	07f72762f5de21c7492788ee5d102450079b06b4	07f72762f5de21c7492788ee5d102450079b06b4
IDENTICAL	ui/src/styles/corner-shape.browser.test.ts	d88e447108e7dd0bdfa66379e0b73d2614939075	d88e447108e7dd0bdfa66379e0b73d2614939075
IDENTICAL	ui/src/styles/cursor-policy.browser.test.ts	eeac24988f4dc17f65175cd61cab64693a9f9367	eeac24988f4dc17f65175cd61cab64693a9f9367
