NC4ZN0ukYE4=	hj3R62TfsjA=	openclaw.model.usage	UNSET
9wgTGFiSCuY=	hj3R62TfsjA=	openclaw.harness.run	UNSET
hj3R62TfsjA=	ROOT	openclaw.run	UNSET
ITlfLFF1l8g=	hj3R62TfsjA=	openclaw.model.call	UNSET
Fel4y6+1W9Y=	hj3R62TfsjA=	openclaw.tool.execution	UNSET
p/49r9yNPW4=	hj3R62TfsjA=	openclaw.model.call	UNSET
+vfSZSimpnU=	hj3R62TfsjA=	openclaw.context.assembled	UNSET
lNv+jfYT1pQ=	hj3R62TfsjA=	openclaw.model.call	UNSET
J0ONLSLDHoQ=	hj3R62TfsjA=	openclaw.tool.execution	UNSET
Jm4KRyH8iEo=	hj3R62TfsjA=	openclaw.model.call	UNSET
W8DqNCMyGa4=	hj3R62TfsjA=	openclaw.tool.execution	UNSET
