R-CD-1	0	2026-07-09T03:23:47Z	2026-07-09T03:24:09Z
R-CD-2	0	2026-07-09T03:24:09Z	2026-07-09T03:24:25Z
R-CD-3	0	2026-07-09T03:24:25Z	2026-07-09T03:24:43Z
R-CD-4	0	2026-07-09T03:24:43Z	2026-07-09T03:24:57Z
R-CD-CHAINED-DEPTH-2	0	2026-07-09T03:24:57Z	2026-07-09T03:25:12Z
R-CD-COLLECTION-ON-COLLAPSE	0	2026-07-09T03:25:12Z	2026-07-09T03:25:13Z
R-CD-MODEL-CHAINED-ALT	0	2026-07-09T03:25:13Z	2026-07-09T03:25:28Z
R-CD-MODEL-DEFAULT	0	2026-07-09T03:25:28Z	2026-07-09T03:25:48Z
R-CD-MODEL-TOKEN	0	2026-07-09T03:25:48Z	2026-07-09T03:26:14Z
R-CD-MODEL-TOOL	99	2026-07-09T03:26:14Z	2026-07-09T03:29:15Z
R-CD-RETURN-OVERLAP	0	2026-07-09T03:29:15Z	2026-07-09T03:29:16Z
R-CD-SILENT	0	2026-07-09T03:29:16Z	2026-07-09T03:30:04Z
R-CD-TOKEN	0	2026-07-09T03:30:04Z	2026-07-09T03:30:21Z
R-CONFIG-defaults	99	2026-07-09T03:30:21Z	2026-07-09T03:30:43Z
R-CONFIG-INTERSESSION	99	2026-07-09T03:30:43Z	2026-07-09T03:31:10Z
R-CW-1	0	2026-07-09T03:31:10Z	2026-07-09T03:31:32Z
R-CW-2	0	2026-07-09T03:31:32Z	2026-07-09T03:31:49Z
R-CW-3	0	2026-07-09T03:31:49Z	2026-07-09T03:32:12Z
R-CW-4	0	2026-07-09T03:32:12Z	2026-07-09T03:33:09Z
R-CW-5	0	2026-07-09T03:33:09Z	2026-07-09T03:33:10Z
R-CW-6	0	2026-07-09T03:33:10Z	2026-07-09T03:33:11Z
R-CW-7	0	2026-07-09T03:33:11Z	2026-07-09T03:33:13Z
R-CW-DELEGATE-CHILD-LIVE	0	2026-07-09T03:33:13Z	2026-07-09T03:33:14Z
R-CW-DELEGATE-SELF-CONTINUATION	0	2026-07-09T03:33:14Z	2026-07-09T03:33:28Z
R-CW-DELEGATE-TOKEN	0	2026-07-09T03:33:28Z	2026-07-09T03:33:29Z
R-CW-MULTI-COLLAPSE	0	2026-07-09T03:33:29Z	2026-07-09T03:33:31Z
R-CW-MULTI	0	2026-07-09T03:33:31Z	2026-07-09T03:33:32Z
R-CW-TOKEN	99	2026-07-09T03:33:32Z	2026-07-09T03:36:04Z
R-OBS-1	0	2026-07-09T03:36:04Z	2026-07-09T03:36:23Z
R-OBS-2	0	2026-07-09T03:36:23Z	2026-07-09T03:36:24Z
R-OBS-status	0	2026-07-09T03:36:24Z	2026-07-09T03:36:26Z
R-RC-1	0	2026-07-09T03:36:26Z	2026-07-09T03:36:43Z
R-RC-2	0	2026-07-09T03:36:43Z	2026-07-09T03:37:03Z
R-REGRESSION-TRAP-TESTS	0	2026-07-09T03:37:03Z	2026-07-09T03:37:04Z
R-TRACE-REDACTION-1121	0	2026-07-09T03:37:04Z	2026-07-09T03:37:06Z
