aJjzQ3gu8pk=	f2TWEQy9FFg=	openclaw.model.usage
lTLwXVxpA9A=	f2TWEQy9FFg=	openclaw.harness.run
f2TWEQy9FFg=	ROOT	openclaw.run
Dr4Xvg7nlpA=	f2TWEQy9FFg=	openclaw.model.call
rcm/8TI1pGU=	f2TWEQy9FFg=	openclaw.tool.execution
hM7gNokowH8=	f2TWEQy9FFg=	openclaw.model.call
ZDoYGuTdU1I=	f2TWEQy9FFg=	openclaw.context.assembled
tiaYOHh5ApU=	f2TWEQy9FFg=	openclaw.model.call
IaLwtwR03+k=	f2TWEQy9FFg=	openclaw.tool.execution
4rXFlEU1LHw=	f2TWEQy9FFg=	openclaw.tool.execution
9oncotFoqfY=	f2TWEQy9FFg=	openclaw.tool.execution
SXXr71xeyTw=	f2TWEQy9FFg=	openclaw.model.call
2Gbm1wt2FIM=	f2TWEQy9FFg=	openclaw.tool.execution
7jU4enVXwyA=	f2TWEQy9FFg=	openclaw.tool.execution
bGqN7r/rZ00=	f2TWEQy9FFg=	openclaw.tool.execution
ntmimuxv/5o=	f2TWEQy9FFg=	openclaw.model.call
CROY8oECs0E=	f2TWEQy9FFg=	openclaw.tool.execution
WL58ySj2klY=	f2TWEQy9FFg=	openclaw.tool.execution
Z2s97ltKbiU=	f2TWEQy9FFg=	openclaw.tool.execution
HmSMHVVd6GY=	f2TWEQy9FFg=	continuation.delegate.dispatch
Dw3eR0Yx1JI=	f2TWEQy9FFg=	continuation.delegate.dispatch
895mGpv+rXw=	HmSMHVVd6GY=	openclaw.run
RmX8jHhRQas=	ryHXI8Ro8GE=	openclaw.tool.execution
l58KmANKmpw=	895mGpv+rXw=	openclaw.context.assembled
x8A8pmEHvUs=	895mGpv+rXw=	openclaw.model.call
o0nVFY9apZA=	895mGpv+rXw=	openclaw.tool.execution
raLWIQ2aoiM=	895mGpv+rXw=	continuation.delegate.dispatch
L4LehMnfosc=	895mGpv+rXw=	openclaw.model.call
+howB4AhuWI=	trkvbjKaivk=	openclaw.context.assembled
8e29NTnajhg=	895mGpv+rXw=	openclaw.tool.execution
+RQP5fiC+aM=	895mGpv+rXw=	openclaw.harness.run
trkvbjKaivk=	Dw3eR0Yx1JI=	openclaw.run
uwN4GqEGbV4=	trkvbjKaivk=	openclaw.model.call
Pw6Cim8T+aA=	trkvbjKaivk=	openclaw.model.call
aqKnl184kVo=	895mGpv+rXw=	openclaw.model.call
qRkNOZ0vwNY=	trkvbjKaivk=	openclaw.tool.execution
RQSsfrePzCs=	ryHXI8Ro8GE=	openclaw.context.assembled
azJPM31cCUM=	ryHXI8Ro8GE=	openclaw.model.call
ZUvRclvg9k0=	trkvbjKaivk=	openclaw.harness.run
ryHXI8Ro8GE=	raLWIQ2aoiM=	openclaw.run
Ct6skrIVvQw=	trkvbjKaivk=	openclaw.model.call
b2sHUwNqmBc=	trkvbjKaivk=	openclaw.tool.execution
4n58w81JwWk=	ryHXI8Ro8GE=	openclaw.model.call
cO1ROEY3LP0=	ryHXI8Ro8GE=	openclaw.tool.execution
oUrT4me1D6E=	ryHXI8Ro8GE=	openclaw.model.call
