/xVhKfw2YWo=	+d2/Q+Dwym0=	openclaw.model.usage
3YriJLYNZNY=	+d2/Q+Dwym0=	openclaw.harness.run
+d2/Q+Dwym0=	ROOT	openclaw.run
gY4ZSzTUdCs=	+d2/Q+Dwym0=	openclaw.model.call
ObDHGbzhT2M=	+d2/Q+Dwym0=	openclaw.tool.execution
HWjgLA2x304=	+d2/Q+Dwym0=	openclaw.model.call
qd7PcmsnF54=	+d2/Q+Dwym0=	openclaw.tool.execution
zzgUGwC2RUk=	+d2/Q+Dwym0=	openclaw.model.call
M6tbWu6xpN0=	+d2/Q+Dwym0=	openclaw.context.assembled
u5gSzTvVcN0=	+d2/Q+Dwym0=	openclaw.model.call
Wl1U+m7kdz8=	+d2/Q+Dwym0=	openclaw.tool.execution
2Da3YMWETuw=	+d2/Q+Dwym0=	openclaw.model.call
l1PkhzzOW3g=	+d2/Q+Dwym0=	openclaw.tool.execution
adr3Y4KQea8=	+d2/Q+Dwym0=	openclaw.model.call
tjYP+Kqk66g=	+d2/Q+Dwym0=	openclaw.tool.execution
7ODz4LUmeeY=	+d2/Q+Dwym0=	openclaw.model.call
ToAd2kwqtig=	+d2/Q+Dwym0=	openclaw.tool.execution
twGja47arOs=	+d2/Q+Dwym0=	openclaw.model.call
ZqFYvoSh+Nk=	+d2/Q+Dwym0=	openclaw.tool.execution
VBikrn/9Ea8=	+d2/Q+Dwym0=	continuation.delegate.dispatch
Ta/czNCSBcU=	+d2/Q+Dwym0=	continuation.delegate.dispatch
C0W7wkXOVJs=	VBikrn/9Ea8=	openclaw.run
aHTNE0x2QQA=	C0W7wkXOVJs=	openclaw.context.assembled
qlzVHDAruaw=	C0W7wkXOVJs=	openclaw.model.call
bfRzGKO+rQs=	C0W7wkXOVJs=	openclaw.tool.execution
yF4xUEVSTe0=	C0W7wkXOVJs=	openclaw.model.call
T7KM6LdOjQw=	qj74tUugbhw=	openclaw.context.assembled
B1xc4g0yj6g=	C0W7wkXOVJs=	openclaw.tool.execution
7vFi6XQ8wVU=	C0W7wkXOVJs=	continuation.delegate.dispatch
HwzxC+/hwQk=	C0W7wkXOVJs=	openclaw.harness.run
qj74tUugbhw=	Ta/czNCSBcU=	openclaw.run
rBDKzjvQfls=	qj74tUugbhw=	openclaw.harness.run
qGtCf9543ps=	7vFi6XQ8wVU=	openclaw.run
1XjdMnMATKo=	C0W7wkXOVJs=	openclaw.model.call
shtFcWwGtlc=	qGtCf9543ps=	openclaw.model.call
LjGjuQ2iSwI=	qj74tUugbhw=	openclaw.model.call
J57OCJkUlWY=	qGtCf9543ps=	openclaw.tool.execution
5PFeZtMhQPI=	qGtCf9543ps=	openclaw.model.call
LtBUMlSVEVI=	C0W7wkXOVJs=	openclaw.tool.execution
U/AfSDMCa4c=	C0W7wkXOVJs=	openclaw.model.call
x6qEfgWK4uo=	qj74tUugbhw=	openclaw.model.call
mC7hifmkadI=	C0W7wkXOVJs=	openclaw.model.call
N6XOB8m9cRc=	qGtCf9543ps=	openclaw.context.assembled
jQOwBOIh1lc=	qj74tUugbhw=	openclaw.tool.execution
NwMT8ohTV44=	C0W7wkXOVJs=	openclaw.tool.execution
KCT7rF/863w=	qGtCf9543ps=	openclaw.model.call
Ab6MqkC7e44=	qj74tUugbhw=	openclaw.model.call
Iyx1pH36XE8=	C0W7wkXOVJs=	openclaw.model.call
1e71WNSQLAo=	qj74tUugbhw=	openclaw.tool.execution
A5BOBXSo8Uc=	qj74tUugbhw=	openclaw.model.call
vxd0fvM4l3E=	C0W7wkXOVJs=	openclaw.tool.execution
1HJo5E45ddI=	qGtCf9543ps=	openclaw.tool.execution
9c4W37p3SgM=	qGtCf9543ps=	openclaw.tool.execution
tjfr8/9KweY=	qj74tUugbhw=	openclaw.tool.execution
cbAeIhDDnKQ=	qGtCf9543ps=	continuation.delegate.dispatch
qXBdkJpuQEc=	qGtCf9543ps=	continuation.delegate.dispatch
2Wwh1N3FdT0=	qGtCf9543ps=	continuation.delegate.dispatch
lod4rF741Sg=	qGtCf9543ps=	openclaw.harness.run
sV3I8pndYuw=	cbAeIhDDnKQ=	openclaw.run
vodNei75yPo=	sV3I8pndYuw=	openclaw.model.call
/XQpsZXsXNk=	sV3I8pndYuw=	openclaw.harness.run
AKfI0DXf00E=	qXBdkJpuQEc=	openclaw.run
J9fR0zNR5Q0=	sV3I8pndYuw=	openclaw.context.assembled
5tyQNPzR/co=	AKfI0DXf00E=	openclaw.context.assembled
2iQ3nQOFgdU=	sV3I8pndYuw=	openclaw.model.call
GlvgAFENs28=	AKfI0DXf00E=	openclaw.model.call
5c71rC8UMOU=	sV3I8pndYuw=	openclaw.tool.execution
HKNXrEc1cuk=	AKfI0DXf00E=	openclaw.tool.execution
8DORK7BxBsU=	i8/9pbhA3+k=	openclaw.context.assembled
ni9pqsdijhA=	AKfI0DXf00E=	openclaw.harness.run
i8/9pbhA3+k=	2Wwh1N3FdT0=	openclaw.run
ab9AU21da2k=	i8/9pbhA3+k=	openclaw.model.call
ekrguBC3QjI=	AKfI0DXf00E=	openclaw.model.call
tSGLv83NwtA=	i8/9pbhA3+k=	openclaw.tool.execution
NZQzx8kpIDk=	i8/9pbhA3+k=	openclaw.model.call
2+l2Tn27sN4=	AKfI0DXf00E=	openclaw.tool.execution
DwE/qctIysQ=	AKfI0DXf00E=	openclaw.model.call
1dsD0MxxLJI=	sV3I8pndYuw=	openclaw.model.call
ejdq3nSmTQc=	sV3I8pndYuw=	openclaw.tool.execution
d2h68xDYwCY=	sV3I8pndYuw=	openclaw.tool.execution
qgNwi5YLB4Y=	sV3I8pndYuw=	openclaw.model.call
uggj6+7ihKI=	sV3I8pndYuw=	openclaw.tool.execution
1sAXrWwZeWg=	i8/9pbhA3+k=	continuation.delegate.dispatch
wNKy9M/M7MY=	i8/9pbhA3+k=	openclaw.harness.run
+HIX7q0d7zU=	1sAXrWwZeWg=	openclaw.run
mq7N6iFh970=	+HIX7q0d7zU=	openclaw.model.call
ypVZPtC0PP8=	+HIX7q0d7zU=	openclaw.harness.run
LIBKbQAY8fg=	2Wwh1N3FdT0=	openclaw.run
G8AJZYyQRvA=	LIBKbQAY8fg=	openclaw.context.assembled
aD43/vsbHj8=	LIBKbQAY8fg=	openclaw.model.call
CvZ4jWVEKVU=	+HIX7q0d7zU=	openclaw.context.assembled
YhXsFAEQv/E=	2Wwh1N3FdT0=	openclaw.model.usage
tGsAGeBjccw=	2Wwh1N3FdT0=	openclaw.model.usage
gzD9Xteow7c=	LIBKbQAY8fg=	openclaw.harness.run
JoshgaRWtpY=	2Wwh1N3FdT0=	openclaw.run
25qC3dBtWo8=	JoshgaRWtpY=	openclaw.model.call
+VgVhUxyAlU=	JoshgaRWtpY=	openclaw.context.assembled
SDzkqYRNSXk=	JoshgaRWtpY=	openclaw.harness.run
6/DdOeuUTQg=	1sAXrWwZeWg=	openclaw.run
XLCckeXBcao=	6/DdOeuUTQg=	openclaw.context.assembled
ERkTUFrCQVw=	6/DdOeuUTQg=	openclaw.model.call
WOXE2iNp0fA=	1sAXrWwZeWg=	openclaw.model.usage
G18nkUgUCdE=	6/DdOeuUTQg=	openclaw.harness.run
rHZ1/hEpN+o=	1sAXrWwZeWg=	openclaw.run
Y6wSBC/crh4=	rHZ1/hEpN+o=	openclaw.model.call
36nRJ7aKTI0=	rHZ1/hEpN+o=	openclaw.tool.execution
tgnlvoPOBQY=	rHZ1/hEpN+o=	openclaw.model.call
oXnkRO7rd7s=	rHZ1/hEpN+o=	openclaw.context.assembled
pLYB1kgfKAQ=	rHZ1/hEpN+o=	openclaw.model.call
hSXnPiKJmg0=	rHZ1/hEpN+o=	openclaw.tool.execution
