class	dropped_lines	file	detail
GENUINE	0	apps/shared/OpenClawKit/Sources/OpenClawKit/Resources/tool-display.json	-
GENUINE	0	config/assertion-safety-baseline.txt	-
GENUINE	0	config/knip.config.ts	-
GENUINE	0	docs/.generated/config-baseline.counts.json	-
GENUINE	0	docs/.generated/config-baseline.sha256	-
SAFE-NEW	0	docs/assets/continuation-tools/continue-delegate.svg	-
SAFE-NEW	0	docs/assets/continuation-tools/continue-work.svg	-
SAFE-NEW	0	docs/assets/continuation-tools/request-compaction.svg	-
SAFE-NEW	0	docs/design/continuation-tools-infographics.md	-
SAFE-NEW	0	docs/design/continue-work-signal-v2.md	-
GENUINE	0	docs/reference/database-schemas/agent-schema-history.md	-
GENUINE	0	docs/tools/subagents/nesting.md	-
GENUINE	0	docs/tools/subagents/operations.md	-
GENUINE	0	extensions/codex/src/app-server/dynamic-tool-build.ts	-
SAFE-NEW	0	extensions/codex/src/app-server/dynamic-tool-diagnostics.test-support.ts	-
GENUINE	0	extensions/codex/src/app-server/dynamic-tool-diagnostics.ts	-
GENUINE	0	extensions/codex/src/app-server/dynamic-tools.test.ts	-
GENUINE	0	extensions/codex/src/app-server/host-capability.test-support.ts	-
GENUINE	0	extensions/codex/src/app-server/run-attempt-server-requests.ts	-
GENUINE	0	extensions/codex/src/app-server/run-attempt-types.ts	-
GENUINE	0	extensions/codex/src/app-server/run-attempt.dynamic-tools.test.ts	-
GENUINE	0	extensions/codex/src/app-server/side-question.test.ts	-
GENUINE	0	extensions/codex/src/app-server/side-question.ts	-
GENUINE	0	extensions/diagnostics-otel/api.ts	-
SAFE-NEW	0	extensions/diagnostics-otel/src/codex-dynamic-tool-origin.integration.test.ts	-
SAFE-NEW	0	extensions/diagnostics-otel/src/continuation-tracer-adapter.integration.test.ts	-
SAFE-NEW	0	extensions/diagnostics-otel/src/continuation-tracer-adapter.test.ts	-
SAFE-NEW	0	extensions/diagnostics-otel/src/continuation-tracer-adapter.ts	-
SAFE-NEW	0	extensions/diagnostics-otel/src/continuation-tracer-ownership.ts	-
GENUINE	0	extensions/diagnostics-otel/src/service-events.ts	-
GENUINE	0	extensions/diagnostics-otel/src/service-trace-context.ts	-
GENUINE	0	extensions/diagnostics-otel/src/service-traces.ts	-
GENUINE	0	extensions/diagnostics-otel/src/service.test.ts	-
GENUINE	0	extensions/diagnostics-otel/src/service.ts	-
GENUINE	0	extensions/discord/src/monitor/ingress.test.ts	-
GENUINE	0	extensions/discord/src/monitor/ingress.ts	-
GENUINE	0	extensions/feishu/src/feishu-ingress.ts	-
GENUINE	0	extensions/feishu/src/monitor.comment-notice-handler.ts	-
GENUINE	0	extensions/feishu/src/monitor.message-handler.ingress.test.ts	-
GENUINE	0	extensions/line/src/webhook-spool.ts	-
GENUINE	0	extensions/mattermost/src/mattermost/monitor.inbound-system-event.test.ts	-
GENUINE	0	extensions/msteams/src/monitor-handler/message-handler.ingress-lifecycle.test.ts	-
GENUINE	0	extensions/signal/src/monitor/event-handler.reply-session-conflict.test.ts	-
GENUINE	0	extensions/signal/src/monitor/event-handler.ts	-
GENUINE	0	extensions/telegram/src/telegram-ingress-drain-factory.test.ts	-
GENUINE	0	extensions/tsconfig.package-boundary.paths.json	-
GENUINE	0	extensions/xai/tsconfig.json	-
GENUINE	0	package.json	-
GENUINE	0	packages/agent-core/src/agent-loop.test.ts	-
GENUINE	0	packages/agent-core/src/agent-loop.ts	-
SAFE-NEW	0	packages/gateway-protocol/src/protocol-boundary.guard.test.ts	-
SAFE-NEW	0	packages/gateway-protocol/src/schema/agent.schema.test.ts	-
GENUINE	0	packages/gateway-protocol/src/schema/agent.ts	-
SAFE-NEW	0	packages/gateway-protocol/src/schema/internal-fields.ts	-
GENUINE	0	scripts/bench-agent-concurrency-worker.ts	-
GENUINE	0	scripts/lib/ci-node-test-plan.mts	-
GENUINE	0	scripts/lib/plugin-sdk-entries.mts	-
GENUINE	0	scripts/lib/plugin-sdk-entrypoints.json	-
GENUINE	0	scripts/lib/plugin-sdk-private-local-only-subpaths.json	-
GENUINE	0	scripts/lib/tsgo-core-test-shards.mts	-
GENUINE	0	scripts/lib/vitest-build-prerequisites.mts	-
GENUINE	0	scripts/plugin-sdk-surface-report.mts	-
GENUINE	0	scripts/pr-lib/wrapper-components.txt	-
GENUINE	0	scripts/protocol-gen-swift.ts	-
GENUINE	0	scripts/protocol-gen.ts	-
SAFE-NEW	0	scripts/return-covenant-fixture-driver.mjs	-
GENUINE	0	src/agents/agent-tools.before-tool-call.state.ts	-
GENUINE	0	src/agents/agent-tools.before-tool-call.wrapper.ts	-
GENUINE	0	src/agents/agent-tools.options.ts	-
GENUINE	0	src/agents/agent-tools.policy.ts	-
GENUINE	0	src/agents/agent-tools.ts	-
GENUINE	0	src/agents/auth-profiles/external-cli-auth-selection.ts	-
GENUINE	0	src/agents/bash-tools.notify-on-exit-ack.test.ts	-
GENUINE	0	src/agents/bash-tools.process.delivery.test.ts	-
GENUINE	0	src/agents/cli-runner/helpers.ts	-
GENUINE	0	src/agents/command/attempt-execution.cli.test.ts	-
SAFE-NEW	0	src/agents/command/attempt-execution.continue-work-opts.test.ts	-
SAFE-NEW	0	src/agents/command/attempt-execution.continue-work-races.test.ts	-
SAFE-NEW	0	src/agents/command/attempt-execution.continue-work-token.test.ts	-
SAFE-NEW	0	src/agents/command/attempt-execution.continue-work.ts	-
SAFE-NEW	0	src/agents/command/attempt-execution.request-compaction-opts.test.ts	-
GENUINE	0	src/agents/command/attempt-execution.ts	-
GENUINE	0	src/agents/command/types.ts	-
SAFE-NEW	0	src/agents/compaction-attribution.test.ts	-
SAFE-NEW	0	src/agents/compaction-attribution.ts	-
GENUINE	0	src/agents/core-tool-factory-descriptors.ts	-
SAFE-NEW	0	src/agents/delegate-artifact-delivery.ts	-
SAFE-NEW	0	src/agents/delegate-artifact-lifecycle.ts	-
SAFE-NEW	0	src/agents/delegate-artifact-policy-store.ts	-
SAFE-NEW	0	src/agents/delegate-artifact-policy.integration.test.ts	-
SAFE-NEW	0	src/agents/delegate-artifact-policy.ts	-
SAFE-NEW	0	src/agents/delegate-artifact-recipient.ts	-
SAFE-NEW	0	src/agents/delegate-artifact-store.ts	-
SAFE-NEW	0	src/agents/delegate-artifacts.delivery.test.ts	-
SAFE-NEW	0	src/agents/delegate-artifacts.projection.test.ts	-
SAFE-NEW	0	src/agents/delegate-artifacts.retention.test.ts	-
SAFE-NEW	0	src/agents/delegate-artifacts.test-helpers.ts	-
SAFE-NEW	0	src/agents/delegate-artifacts.test.ts	-
SAFE-NEW	0	src/agents/delegate-artifacts.ts	-
SAFE-NEW	0	src/agents/embedded-agent-runner/cli-backend-dispatch-transcript.persistence.test.ts	-
GENUINE	0	src/agents/embedded-agent-runner/cli-backend-dispatch-transcript.test.ts	-
GENUINE	0	src/agents/embedded-agent-runner/cli-backend-dispatch-transcript.ts	-
GENUINE	0	src/agents/embedded-agent-runner/compact-reasons.test.ts	-
GENUINE	0	src/agents/embedded-agent-runner/compact-reasons.ts	-
GENUINE	0	src/agents/embedded-agent-runner/compact.hooks.harness.ts	-
GENUINE	0	src/agents/embedded-agent-runner/compact.hooks.test.ts	-
GENUINE	0	src/agents/embedded-agent-runner/compact.ts	-
GENUINE	0	src/agents/embedded-agent-runner/compact.types.ts	-
GENUINE	0	src/agents/embedded-agent-runner/prepared-compaction-runtime.ts	-
GENUINE	0	src/agents/embedded-agent-runner/run-orchestrator.ts	-
SAFE-NEW	0	src/agents/embedded-agent-runner/run.continuation-auth-overlay.test-support.ts	-
SAFE-NEW	0	src/agents/embedded-agent-runner/run.continuation-codex-auth-bootstrap.test-support.ts	-
SAFE-NEW	0	src/agents/embedded-agent-runner/run.continuation-codex-auth-forwarding.test-support.ts	-
SAFE-NEW	0	src/agents/embedded-agent-runner/run.continuation-codex-auth-rotation.test-support.ts	-
SAFE-NEW	0	src/agents/embedded-agent-runner/run.continuation-codex-auth-selection.test-support.ts	-
SAFE-NEW	0	src/agents/embedded-agent-runner/run.continuation-deferred-maintenance.test-support.ts	-
SAFE-NEW	0	src/agents/embedded-agent-runner/run.continuation-fixture.test-support.ts	-
SAFE-NEW	0	src/agents/embedded-agent-runner/run.continuation-integration.test.ts	-
SAFE-NEW	0	src/agents/embedded-agent-runner/run.continuation-lifecycle-admission.test-support.ts	-
SAFE-NEW	0	src/agents/embedded-agent-runner/run.continuation-model-routing.test-support.ts	-
SAFE-NEW	0	src/agents/embedded-agent-runner/run.continuation-opts-forward.test.ts	-
SAFE-NEW	0	src/agents/embedded-agent-runner/run.continuation-overflow-recovery.test-support.ts	-
SAFE-NEW	0	src/agents/embedded-agent-runner/run.continuation-retry-fallback.test-support.ts	-
GENUINE	0	src/agents/embedded-agent-runner/run.overflow-compaction.harness.ts	-
GENUINE	0	src/agents/embedded-agent-runner/run.timeout-triggered-compaction.test-support.ts	-
GENUINE	0	src/agents/embedded-agent-runner/run/attempt-system-prompt-prepare.ts	-
GENUINE	0	src/agents/embedded-agent-runner/run/attempt-tool-prepare.ts	-
GENUINE	0	src/agents/embedded-agent-runner/run/attempt.cwd-split.test.ts	-
GENUINE	0	src/agents/embedded-agent-runner/run/auth-store.test.ts	-
GENUINE	0	src/agents/embedded-agent-runner/run/auth-store.ts	-
GENUINE	0	src/agents/embedded-agent-runner/run/overflow-context-recovery.ts	-
GENUINE	0	src/agents/embedded-agent-runner/run/params.ts	-
SAFE-NEW	0	src/agents/embedded-agent-runner/run/payloads.continuation.test.ts	-
GENUINE	0	src/agents/embedded-agent-runner/run/payloads.ts	-
SAFE-NEW	0	src/agents/embedded-agent-runner/run/recovery-context-pressure.ts	-
GENUINE	0	src/agents/embedded-agent-runner/run/run-attempt-dispatch.ts	-
GENUINE	0	src/agents/embedded-agent-runner/run/session-prompt-state.ts	-
GENUINE	0	src/agents/embedded-agent-runner/run/source-reply-payloads.ts	-
GENUINE	0	src/agents/embedded-agent-runner/run/timeout-context-recovery.ts	-
GENUINE	0	src/agents/embedded-agent-runner/server-endpoint-compaction.test.ts	-
GENUINE	0	src/agents/embedded-agent-runner/server-endpoint-compaction.ts	-
GENUINE	0	src/agents/embedded-agent-runner/skill-runtime.library-read.test.ts	-
GENUINE	0	src/agents/embedded-agent-runner/types.ts	-
GENUINE	0	src/agents/embedded-agent-subscribe.block-reply-rejections.test.ts	-
SAFE-NEW	0	src/agents/embedded-agent-subscribe.compaction-retry.ts	-
GENUINE	0	src/agents/embedded-agent-subscribe.e2e-harness.ts	-
GENUINE	0	src/agents/embedded-agent-subscribe.handlers.compaction.runtime.ts	-
GENUINE	0	src/agents/embedded-agent-subscribe.handlers.compaction.test.ts	-
GENUINE	0	src/agents/embedded-agent-subscribe.handlers.compaction.ts	-
SAFE-NEW	0	src/agents/embedded-agent-subscribe.handlers.lifecycle.deferred-replies.test.ts	-
SAFE-NEW	0	src/agents/embedded-agent-subscribe.handlers.lifecycle.test-support.ts	-
GENUINE	0	src/agents/embedded-agent-subscribe.handlers.lifecycle.test.ts	-
GENUINE	0	src/agents/embedded-agent-subscribe.handlers.lifecycle.ts	-
SAFE-NEW	0	src/agents/embedded-agent-subscribe.handlers.messages.final-reconciliation.ts	-
GENUINE	0	src/agents/embedded-agent-subscribe.handlers.messages.lifecycle.ts	-
GENUINE	0	src/agents/embedded-agent-subscribe.handlers.messages.replies.ts	-
GENUINE	0	src/agents/embedded-agent-subscribe.handlers.messages.stream.ts	-
GENUINE	0	src/agents/embedded-agent-subscribe.handlers.messages.test-helpers.ts	-
GENUINE	0	src/agents/embedded-agent-subscribe.handlers.messages.update-stream-items.test.ts	-
GENUINE	0	src/agents/embedded-agent-subscribe.handlers.messages.update-stream-phases.test.ts	-
GENUINE	0	src/agents/embedded-agent-subscribe.handlers.messages.update.ts	-
GENUINE	0	src/agents/embedded-agent-subscribe.handlers.tools.progress.ts	-
GENUINE	0	src/agents/embedded-agent-subscribe.handlers.tools.start.ts	-
GENUINE	0	src/agents/embedded-agent-subscribe.handlers.tools.test.ts	-
GENUINE	0	src/agents/embedded-agent-subscribe.handlers.ts	-
GENUINE	0	src/agents/embedded-agent-subscribe.handlers.types.ts	-
SAFE-NEW	0	src/agents/embedded-agent-subscribe.logger.ts	-
SAFE-NEW	0	src/agents/embedded-agent-subscribe.reply-delivery.serial.ts	-
GENUINE	0	src/agents/embedded-agent-subscribe.reply-delivery.ts	-
SAFE-NEW	0	src/agents/embedded-agent-subscribe.reply-text.ts	-
GENUINE	0	src/agents/embedded-agent-subscribe.run-state.ts	-
GENUINE	0	src/agents/embedded-agent-subscribe.stream-rendering.ts	-
SAFE-NEW	0	src/agents/embedded-agent-subscribe.subscribe-embedded-agent-session.continuation-provider-filtering.test.ts	-
SAFE-NEW	0	src/agents/embedded-agent-subscribe.subscribe-embedded-agent-session.continuation-reconciliation.test.ts	-
SAFE-NEW	0	src/agents/embedded-agent-subscribe.subscribe-embedded-agent-session.continuation-responses.test.ts	-
GENUINE	0	src/agents/embedded-agent-subscribe.ts	-
GENUINE	0	src/agents/embedded-agent-utils.ts	-
SAFE-NEW	0	src/agents/internal-events.delegate-artifacts.test.ts	-
GENUINE	0	src/agents/internal-events.ts	-
GENUINE	0	src/agents/openclaw-owned-tool-runtime-contract.test.ts	-
SAFE-NEW	0	src/agents/openclaw-tools.continuation-forwarding.test.ts	-
SAFE-NEW	0	src/agents/openclaw-tools.continuation-misconfig-warn.test.ts	-
SAFE-NEW	0	src/agents/openclaw-tools.continuation-registration.test.ts	-
SAFE-NEW	0	src/agents/openclaw-tools.continuation.session-key.test.ts	-
SAFE-NEW	0	src/agents/openclaw-tools.continuation.ts	-
SAFE-NEW	0	src/agents/openclaw-tools.hook-context.ts	-
GENUINE	0	src/agents/openclaw-tools.ts	-
GENUINE	0	src/agents/openclaw-tools.types.ts	-
GENUINE	0	src/agents/session-transcript-repair.attachments.test.ts	-
GENUINE	0	src/agents/session-transcript-repair.ts	-
SAFE-NEW	0	src/agents/sessions/agent-session-compaction.test-support.ts	-
GENUINE	0	src/agents/sessions/agent-session-compaction.test.ts	-
SAFE-NEW	0	src/agents/spawn-error.ts	-
GENUINE	0	src/agents/spawn-pipeline.ts	-
SAFE-NEW	0	src/agents/subagent-announce-descendant-wake.test.ts	-
SAFE-NEW	0	src/agents/subagent-announce-message.ts	-
SAFE-NEW	0	src/agents/subagent-announce-reply.ts	-
SAFE-NEW	0	src/agents/subagent-announce.chain-guard.test.ts	-
SAFE-NEW	0	src/agents/subagent-announce.continuation-drain.bracket-hedge.test.ts	-
SAFE-NEW	0	src/agents/subagent-announce.continuation-drain.chain-cost.test.ts	-
SAFE-NEW	0	src/agents/subagent-announce.continuation-drain.test.ts	-
SAFE-NEW	0	src/agents/subagent-announce.continuation-drain.tool-hop-order.test.ts	-
SAFE-NEW	0	src/agents/subagent-announce.continuation-owner-events.ts	-
SAFE-NEW	0	src/agents/subagent-announce.continuation-parity-gate.test.ts	-
SAFE-NEW	0	src/agents/subagent-announce.continuation-return.delegate-artifacts.test.ts	-
SAFE-NEW	0	src/agents/subagent-announce.continuation-return.ts	-
SAFE-NEW	0	src/agents/subagent-announce.continuation-tool-delegate-commit.test.ts	-
SAFE-NEW	0	src/agents/subagent-announce.continuation.accounting.ts	-
SAFE-NEW	0	src/agents/subagent-announce.continuation.runtime.test.ts	-
SAFE-NEW	0	src/agents/subagent-announce.continuation.runtime.ts	-
SAFE-NEW	0	src/agents/subagent-announce.continuation.test.ts	-
SAFE-NEW	0	src/agents/subagent-announce.crosssession-gate.test.ts	-
SAFE-NEW	0	src/agents/subagent-announce.live-tree-chain-proof.test.ts	-
SAFE-NEW	0	src/agents/subagent-announce.postcompaction-route.test.ts	-
SAFE-NEW	0	src/agents/subagent-announce.self-continuation.test.ts	-
SAFE-NEW	0	src/agents/subagent-announce.silent-wake.test.ts	-
SAFE-NEW	0	src/agents/subagent-announce.spawn-reject-obs.test.ts	-
SAFE-NEW	0	src/agents/subagent-announce.targeted-return.integration.test.ts	-
SAFE-NEW	0	src/agents/subagent-continuation-ids.ts	-
SAFE-NEW	0	src/agents/subagent-partial-registration-ownership.test.ts	-
SAFE-NEW	0	src/agents/subagent-registry-registration-rollback.test.ts	-
SAFE-NEW	0	src/agents/subagent-registry-sweeper-session.ts	-
SAFE-NEW	0	src/agents/subagent-registry.archive.continuation.e2e.test.ts	-
SAFE-NEW	0	src/agents/subagent-registry.persistence.restore-recovery.test.ts	-
SAFE-NEW	0	src/agents/subagent-registry.persistence.timing.test.ts	-
SAFE-NEW	0	src/agents/subagent-session-cleanup.test.ts	-
SAFE-NEW	0	src/agents/subagent-traceparent-handoff.ts	-
GENUINE	0	src/agents/subagents/announce/subagent-announce-delivery.test.ts	-
GENUINE	0	src/agents/subagents/announce/subagent-announce-delivery.ts	-
SAFE-NEW	0	src/agents/subagents/announce/subagent-announce-deps.ts	-
GENUINE	0	src/agents/subagents/announce/subagent-announce-descendant-wake.ts	-
GENUINE	0	src/agents/subagents/announce/subagent-announce-direct-delivery.ts	-
SAFE-NEW	0	src/agents/subagents/announce/subagent-announce-owner-coordination.ts	-
GENUINE	0	src/agents/subagents/announce/subagent-announce.format.e2e.test.ts	-
GENUINE	0	src/agents/subagents/announce/subagent-announce.runtime.ts	-
GENUINE	0	src/agents/subagents/announce/subagent-announce.test-support.ts	-
GENUINE	0	src/agents/subagents/announce/subagent-announce.test.ts	-
GENUINE	0	src/agents/subagents/announce/subagent-announce.timeout.test.ts	-
GENUINE	0	src/agents/subagents/announce/subagent-announce.ts	-
SAFE-NEW	0	src/agents/subagents/announce/subagent-run-outcome.ts	-
GENUINE	0	src/agents/subagents/registry/subagent-registry-helpers.test.ts	-
GENUINE	0	src/agents/subagents/registry/subagent-registry-helpers.ts	-
GENUINE	0	src/agents/subagents/registry/subagent-registry-lifecycle-announce-cleanup.ts	-
SAFE-NEW	0	src/agents/subagents/registry/subagent-registry-lifecycle-delivery.owner.test.ts	-
GENUINE	0	src/agents/subagents/registry/subagent-registry-lifecycle-delivery.ts	-
GENUINE	0	src/agents/subagents/registry/subagent-registry-lifecycle.test.ts	-
GENUINE	0	src/agents/subagents/registry/subagent-registry-queries.test.ts	-
GENUINE	0	src/agents/subagents/registry/subagent-registry-queries.ts	-
GENUINE	0	src/agents/subagents/registry/subagent-registry-queued-registration-claims.test-support.ts	-
GENUINE	0	src/agents/subagents/registry/subagent-registry-queued-registration.test.ts	-
GENUINE	0	src/agents/subagents/registry/subagent-registry-read.ts	-
GENUINE	0	src/agents/subagents/registry/subagent-registry-read.types.ts	-
SAFE-NEW	0	src/agents/subagents/registry/subagent-registry-resume-orphan.test.ts	-
SAFE-NEW	0	src/agents/subagents/registry/subagent-registry-resume-orphan.ts	-
GENUINE	0	src/agents/subagents/registry/subagent-registry-run-launch-record.ts	-
GENUINE	0	src/agents/subagents/registry/subagent-registry-run-launch.ts	-
GENUINE	0	src/agents/subagents/registry/subagent-registry-run-manager.ts	-
GENUINE	0	src/agents/subagents/registry/subagent-registry-run-recovery.ts	-
GENUINE	0	src/agents/subagents/registry/subagent-registry-runtime.ts	-
SAFE-NEW	0	src/agents/subagents/registry/subagent-registry-sweep-gateway.ts	-
SAFE-NEW	0	src/agents/subagents/registry/subagent-registry-sweep-guards.ts	-
GENUINE	0	src/agents/subagents/registry/subagent-registry-sweep-kill.ts	-
GENUINE	0	src/agents/subagents/registry/subagent-registry-sweeper-recovery.test.ts	-
GENUINE	0	src/agents/subagents/registry/subagent-registry-sweeper.test-support.ts	-
GENUINE	0	src/agents/subagents/registry/subagent-registry-sweeper.ts	-
SAFE-NEW	0	src/agents/subagents/registry/subagent-registry-sweeper.types.ts	-
GENUINE	0	src/agents/subagents/registry/subagent-registry.archive.e2e.test.ts	-
SAFE-NEW	0	src/agents/subagents/registry/subagent-registry.persistence.assertions.test-support.ts	-
SAFE-NEW	0	src/agents/subagents/registry/subagent-registry.persistence.resume.test-support.ts	-
GENUINE	0	src/agents/subagents/registry/subagent-registry.persistence.resume.test.ts	-
GENUINE	0	src/agents/subagents/registry/subagent-registry.persistence.test-support.ts	-
GENUINE	0	src/agents/subagents/registry/subagent-registry.persistence.test.ts	-
GENUINE	0	src/agents/subagents/registry/subagent-registry.test.ts	-
GENUINE	0	src/agents/subagents/registry/subagent-registry.ts	-
GENUINE	0	src/agents/subagents/registry/subagent-registry.types.ts	-
GENUINE	0	src/agents/subagents/registry/subagent-run-liveness.ts	-
GENUINE	0	src/agents/subagents/registry/subagent-session-cleanup.ts	-
GENUINE	0	src/agents/subagents/registry/subagent-session-reconciliation.ts	-
GENUINE	0	src/agents/subagents/spawn/subagent-attachments.ts	-
GENUINE	0	src/agents/subagents/spawn/subagent-spawn-cleanup.test.ts	-
GENUINE	0	src/agents/subagents/spawn/subagent-spawn-cleanup.ts	-
GENUINE	0	src/agents/subagents/spawn/subagent-spawn-collector.ts	-
GENUINE	0	src/agents/subagents/spawn/subagent-spawn-contract.ts	-
SAFE-NEW	0	src/agents/subagents/spawn/subagent-spawn-envelope.ts	-
GENUINE	0	src/agents/subagents/spawn/subagent-spawn-request.ts	-
SAFE-NEW	0	src/agents/subagents/spawn/subagent-spawn-rollback.ts	-
GENUINE	0	src/agents/subagents/spawn/subagent-spawn-session-patch.ts	-
GENUINE	0	src/agents/subagents/spawn/subagent-spawn.attachments.test.ts	-
GENUINE	0	src/agents/subagents/spawn/subagent-spawn.authority.test.ts	-
GENUINE	0	src/agents/subagents/spawn/subagent-spawn.context-resources.test.ts	-
GENUINE	0	src/agents/subagents/spawn/subagent-spawn.depth-limits.test.ts	-
GENUINE	0	src/agents/subagents/spawn/subagent-spawn.in-process-gateway.test-support.ts	-
GENUINE	0	src/agents/subagents/spawn/subagent-spawn.test-helpers.ts	-
GENUINE	0	src/agents/subagents/spawn/subagent-spawn.test.ts	-
GENUINE	0	src/agents/subagents/spawn/subagent-spawn.thread-binding.test.ts	-
GENUINE	0	src/agents/subagents/spawn/subagent-spawn.ts	-
GENUINE	0	src/agents/subagents/spawn/subagent-spawn.workspace.test.ts	-
GENUINE	0	src/agents/subagents/spawn/subagent-system-prompt.ts	-
GENUINE	0	src/agents/subagents/subagent-attachment-cleanup.ts	-
SAFE-NEW	0	src/agents/system-prompt.continuation.test.ts	-
GENUINE	0	src/agents/system-prompt.ts	-
GENUINE	0	src/agents/tool-call-shared.ts	-
GENUINE	0	src/agents/tool-display-config.ts	-
SAFE-NEW	0	src/agents/tool-display-truncation.test.ts	-
GENUINE	0	src/agents/tool-display.test.ts	-
GENUINE	0	src/agents/tool-result-error.test.ts	-
SAFE-NEW	0	src/agents/tools-effective-inventory.runtime-and-policy.test.ts	-
GENUINE	0	src/agents/tools-effective-inventory.ts	-
SAFE-NEW	0	src/agents/tools/continuation-inventory-opts.test.ts	-
SAFE-NEW	0	src/agents/tools/continuation-inventory-opts.ts	-
SAFE-NEW	0	src/agents/tools/continuation-tools-registration.test.ts	-
SAFE-NEW	0	src/agents/tools/continuation-tools.current-span-traceparent.test.ts	-
SAFE-NEW	0	src/agents/tools/continue-delegate-attachment-validation.test.ts	-
SAFE-NEW	0	src/agents/tools/continue-delegate-tool.crosssession-gate.test.ts	-
SAFE-NEW	0	src/agents/tools/continue-delegate-tool.test.ts	-
SAFE-NEW	0	src/agents/tools/continue-delegate-tool.ts	-
SAFE-NEW	0	src/agents/tools/continue-work-tool.boundary.test.ts	-
SAFE-NEW	0	src/agents/tools/continue-work-tool.test.ts	-
SAFE-NEW	0	src/agents/tools/continue-work-tool.ts	-
SAFE-NEW	0	src/agents/tools/delegate-artifacts-tool.test.ts	-
SAFE-NEW	0	src/agents/tools/delegate-artifacts-tool.ts	-
GENUINE	0	src/agents/tools/media-generate-background-completion.ts	-
GENUINE	0	src/agents/tools/media-generate-background-shared.test.ts	-
GENUINE	0	src/agents/tools/media-generate-background-shared.ts	-
SAFE-NEW	0	src/agents/tools/request-compaction-tool.callsite-threading.test.ts	-
SAFE-NEW	0	src/agents/tools/request-compaction-tool.classifier-emission.test.ts	-
SAFE-NEW	0	src/agents/tools/request-compaction-tool.test.ts	-
SAFE-NEW	0	src/agents/tools/request-compaction-tool.ts	-
SAFE-NEW	0	src/agents/tools/request-compaction-tool.volitional-threading.test.ts	-
GENUINE	0	src/agents/tools/sessions-send-tool.ts	-
GENUINE	0	src/agents/tools/sessions-spawn-cloud.ts	-
SAFE-NEW	0	src/agents/transcript-redact-user-metadata.ts	-
GENUINE	0	src/agents/transcript-redact.test.ts	-
GENUINE	0	src/agents/transcript-redact.ts	-
SAFE-NEW	0	src/auto-reply/continuation/config.test.ts	-
SAFE-NEW	0	src/auto-reply/continuation/config.ts	-
SAFE-NEW	0	src/auto-reply/continuation/context-pressure.test.ts	-
SAFE-NEW	0	src/auto-reply/continuation/context-pressure.ts	-
SAFE-NEW	0	src/auto-reply/continuation/continuation-dispatch-claims.ts	-
SAFE-NEW	0	src/auto-reply/continuation/continuation-return-delivery-dedupe-ack.test.ts	-
SAFE-NEW	0	src/auto-reply/continuation/cross-session-targeting.nonexistent-target.test.ts	-
SAFE-NEW	0	src/auto-reply/continuation/cross-session-targeting.test.ts	-
SAFE-NEW	0	src/auto-reply/continuation/delegate-attachment-payload-store.ts	-
SAFE-NEW	0	src/auto-reply/continuation/delegate-dispatch-accepted-children.ts	-
SAFE-NEW	0	src/auto-reply/continuation/delegate-dispatch-chain-state.ts	-
SAFE-NEW	0	src/auto-reply/continuation/delegate-dispatch-contract.ts	-
SAFE-NEW	0	src/auto-reply/continuation/delegate-dispatch-hedge.ts	-
SAFE-NEW	0	src/auto-reply/continuation/delegate-dispatch-managed-gates.ts	-
SAFE-NEW	0	src/auto-reply/continuation/delegate-dispatch-post-compaction.test.ts	-
SAFE-NEW	0	src/auto-reply/continuation/delegate-dispatch-recovery.ts	-
SAFE-NEW	0	src/auto-reply/continuation/delegate-dispatch.admission-reset-race.test.ts	-
SAFE-NEW	0	src/auto-reply/continuation/delegate-dispatch.chain-depth-exhaustion.test.ts	-
SAFE-NEW	0	src/auto-reply/continuation/delegate-dispatch.contract.test.ts	-
SAFE-NEW	0	src/auto-reply/continuation/delegate-dispatch.cost-cap-exhaustion.test.ts	-
SAFE-NEW	0	src/auto-reply/continuation/delegate-dispatch.fanout-error-isolation.test.ts	-
SAFE-NEW	0	src/auto-reply/continuation/delegate-dispatch.hedge-cleanup.test.ts	-
SAFE-NEW	0	src/auto-reply/continuation/delegate-dispatch.post-compaction-recovery.test.ts	-
SAFE-NEW	0	src/auto-reply/continuation/delegate-dispatch.recovery-1.test.ts	-
SAFE-NEW	0	src/auto-reply/continuation/delegate-dispatch.recovery-2.test.ts	-
SAFE-NEW	0	src/auto-reply/continuation/delegate-dispatch.spawn-failure-and-missing-target.test.ts	-
SAFE-NEW	0	src/auto-reply/continuation/delegate-dispatch.test.ts	-
SAFE-NEW	0	src/auto-reply/continuation/delegate-dispatch.ts	-
SAFE-NEW	0	src/auto-reply/continuation/delegate-flow-diagnostics.ts	-
SAFE-NEW	0	src/auto-reply/continuation/delegate-flow-store.ts	-
SAFE-NEW	0	src/auto-reply/continuation/delegate-spawn-acceptance.ts	-
SAFE-NEW	0	src/auto-reply/continuation/delegate-spawn-authority.test.ts	-
SAFE-NEW	0	src/auto-reply/continuation/delegate-spawn-authority.ts	-
SAFE-NEW	0	src/auto-reply/continuation/delegate-store-consumption.test-harness.ts	-
SAFE-NEW	0	src/auto-reply/continuation/delegate-store-post-compaction.test.ts	-
SAFE-NEW	0	src/auto-reply/continuation/delegate-store-post-compaction.ts	-
SAFE-NEW	0	src/auto-reply/continuation/delegate-store.ownership.test.ts	-
SAFE-NEW	0	src/auto-reply/continuation/delegate-store.test.ts	-
SAFE-NEW	0	src/auto-reply/continuation/delegate-store.ts	-
SAFE-NEW	0	src/auto-reply/continuation/delegate-system-event.ts	-
SAFE-NEW	0	src/auto-reply/continuation/delegate-taskflow-registry.test-harness.ts	-
SAFE-NEW	0	src/auto-reply/continuation/delegate-turn-admission.ts	-
SAFE-NEW	0	src/auto-reply/continuation/lazy.runtime.ts	-
SAFE-NEW	0	src/auto-reply/continuation/leaf-key-orphan-empirical.test.ts	-
SAFE-NEW	0	src/auto-reply/continuation/nonexistent-target-session-delivery.race.test.ts	-
SAFE-NEW	0	src/auto-reply/continuation/post-compaction-chain-charge.test.ts	-
SAFE-NEW	0	src/auto-reply/continuation/post-compaction-chain-charge.ts	-
SAFE-NEW	0	src/auto-reply/continuation/post-compaction-durable-handoff.test.ts	-
SAFE-NEW	0	src/auto-reply/continuation/post-compaction-staged-dispatch.ts	-
SAFE-NEW	0	src/auto-reply/continuation/post-compaction-staleness.ts	-
SAFE-NEW	0	src/auto-reply/continuation/post-compaction-taskflow-rejection.test.ts	-
SAFE-NEW	0	src/auto-reply/continuation/post-compaction-taskflow-rejection.ts	-
SAFE-NEW	0	src/auto-reply/continuation/project84-owned-topology.contract.test.ts	-
SAFE-NEW	0	src/auto-reply/continuation/recipient-authority-binding.ts	-
SAFE-NEW	0	src/auto-reply/continuation/return-covenant-fixture/case-dispatch.ts	-
SAFE-NEW	0	src/auto-reply/continuation/return-covenant-fixture/case-lifecycle.ts	-
SAFE-NEW	0	src/auto-reply/continuation/return-covenant-fixture/case-setup.ts	-
SAFE-NEW	0	src/auto-reply/continuation/return-covenant-fixture/case-state.ts	-
SAFE-NEW	0	src/auto-reply/continuation/return-covenant-fixture/control-file.ts	-
SAFE-NEW	0	src/auto-reply/continuation/return-covenant-fixture/database.ts	-
SAFE-NEW	0	src/auto-reply/continuation/return-covenant-fixture/driver.ts	-
SAFE-NEW	0	src/auto-reply/continuation/return-covenant-fixture/entry.ts	-
SAFE-NEW	0	src/auto-reply/continuation/return-covenant-fixture/fixture-gateway.ts	-
SAFE-NEW	0	src/auto-reply/continuation/return-covenant-fixture/gateway-config.test.ts	-
SAFE-NEW	0	src/auto-reply/continuation/return-covenant-fixture/gateway-config.ts	-
SAFE-NEW	0	src/auto-reply/continuation/return-covenant-fixture/gateway-generation.ts	-
SAFE-NEW	0	src/auto-reply/continuation/return-covenant-fixture/gateway-readiness.ts	-
SAFE-NEW	0	src/auto-reply/continuation/return-covenant-fixture/gateway-rpc.ts	-
SAFE-NEW	0	src/auto-reply/continuation/return-covenant-fixture/gateway.test.ts	-
SAFE-NEW	0	src/auto-reply/continuation/return-covenant-fixture/gateway.ts	-
SAFE-NEW	0	src/auto-reply/continuation/return-covenant-fixture/protocol.test.ts	-
SAFE-NEW	0	src/auto-reply/continuation/return-covenant-fixture/protocol.ts	-
SAFE-NEW	0	src/auto-reply/continuation/return-covenant-fixture/result-marker.ts	-
SAFE-NEW	0	src/auto-reply/continuation/return-covenant-fixture/retention.ts	-
SAFE-NEW	0	src/auto-reply/continuation/return-covenant-fixture/run-snapshot.ts	-
SAFE-NEW	0	src/auto-reply/continuation/return-covenant-fixture/run.test.ts	-
SAFE-NEW	0	src/auto-reply/continuation/return-covenant-fixture/run.ts	-
SAFE-NEW	0	src/auto-reply/continuation/return-covenant-fixture/runtime-config.test.ts	-
SAFE-NEW	0	src/auto-reply/continuation/return-covenant-fixture/runtime-config.ts	-
SAFE-NEW	0	src/auto-reply/continuation/return-covenant-fixture/test-plan.test-support.ts	-
SAFE-NEW	0	src/auto-reply/continuation/rfc-contract.scenario.test.ts	-
SAFE-NEW	0	src/auto-reply/continuation/scheduler.test.ts	-
SAFE-NEW	0	src/auto-reply/continuation/scheduler.ts	-
SAFE-NEW	0	src/auto-reply/continuation/session-reset.ts	-
SAFE-NEW	0	src/auto-reply/continuation/signal-parser.test.ts	-
SAFE-NEW	0	src/auto-reply/continuation/signal.test.ts	-
SAFE-NEW	0	src/auto-reply/continuation/signal.ts	-
SAFE-NEW	0	src/auto-reply/continuation/state.test.ts	-
SAFE-NEW	0	src/auto-reply/continuation/state.ts	-
SAFE-NEW	0	src/auto-reply/continuation/system-event-ownership.ts	-
SAFE-NEW	0	src/auto-reply/continuation/targeting-pure.ts	-
SAFE-NEW	0	src/auto-reply/continuation/targeting.ts	-
SAFE-NEW	0	src/auto-reply/continuation/trace-context-propagation.integration.test.ts	-
SAFE-NEW	0	src/auto-reply/continuation/types.mode-shape.test.ts	-
SAFE-NEW	0	src/auto-reply/continuation/types.ts	-
SAFE-NEW	0	src/auto-reply/continuation/volatile-map-allowlist.test.ts	-
SAFE-NEW	0	src/auto-reply/continuation/work-dispatch-execution.ts	-
SAFE-NEW	0	src/auto-reply/continuation/work-dispatch-flow-mock.test-support.ts	-
SAFE-NEW	0	src/auto-reply/continuation/work-dispatch.classification-and-cap.test.ts	-
SAFE-NEW	0	src/auto-reply/continuation/work-dispatch.durable-2.test.ts	-
SAFE-NEW	0	src/auto-reply/continuation/work-dispatch.durable-3.test.ts	-
SAFE-NEW	0	src/auto-reply/continuation/work-dispatch.durable-4.test.ts	-
SAFE-NEW	0	src/auto-reply/continuation/work-dispatch.durable-5.test.ts	-
SAFE-NEW	0	src/auto-reply/continuation/work-dispatch.durable-6.test.ts	-
SAFE-NEW	0	src/auto-reply/continuation/work-dispatch.durable-7.test.ts	-
SAFE-NEW	0	src/auto-reply/continuation/work-dispatch.finalization-1.test.ts	-
SAFE-NEW	0	src/auto-reply/continuation/work-dispatch.finalization-2.test.ts	-
SAFE-NEW	0	src/auto-reply/continuation/work-dispatch.parent-lineage-and-restart.test.ts	-
SAFE-NEW	0	src/auto-reply/continuation/work-dispatch.retry-exhaustion.test.ts	-
SAFE-NEW	0	src/auto-reply/continuation/work-dispatch.test.ts	-
SAFE-NEW	0	src/auto-reply/continuation/work-dispatch.ts	-
SAFE-NEW	0	src/auto-reply/continuation/work-flow-state.ts	-
SAFE-NEW	0	src/auto-reply/continuation/work-replacement-store.test.ts	-
SAFE-NEW	0	src/auto-reply/continuation/work-replacement-store.ts	-
SAFE-NEW	0	src/auto-reply/continuation/work-scheduling-batch.ts	-
SAFE-NEW	0	src/auto-reply/continuation/work-scheduling-replacement.ts	-
SAFE-NEW	0	src/auto-reply/continuation/work-store.test-support.ts	-
SAFE-NEW	0	src/auto-reply/continuation/work-store.ts	-
SAFE-NEW	0	src/auto-reply/continuation/work-terminal-notice.durability.test.ts	-
SAFE-NEW	0	src/auto-reply/continuation/work-terminal-notice.ts	-
GENUINE	0	src/auto-reply/get-reply-options.types.ts	-
SAFE-NEW	0	src/auto-reply/reply/agent-runner-continuation-diag.ts	-
SAFE-NEW	0	src/auto-reply/reply/agent-runner-continuation-schedule.ts	-
SAFE-NEW	0	src/auto-reply/reply/agent-runner-continuation-signal.ts	-
SAFE-NEW	0	src/auto-reply/reply/agent-runner-continuation.ts	-
GENUINE	0	src/auto-reply/reply/agent-runner-core.ts	-
SAFE-NEW	0	src/auto-reply/reply/agent-runner-embedded-candidate.continuation.test.ts	-
GENUINE	0	src/auto-reply/reply/agent-runner-embedded-candidate.ts	-
SAFE-NEW	0	src/auto-reply/reply/agent-runner-entry.test-support.ts	-
GENUINE	0	src/auto-reply/reply/agent-runner-execute.ts	-
GENUINE	0	src/auto-reply/reply/agent-runner-execution-contract.test.ts	-
GENUINE	0	src/auto-reply/reply/agent-runner-execution-lifecycle.test.ts	-
GENUINE	0	src/auto-reply/reply/agent-runner-execution-results.test.ts	-
SAFE-NEW	0	src/auto-reply/reply/agent-runner-execution.context-usage.test.ts	-
SAFE-NEW	0	src/auto-reply/reply/agent-runner-execution.release-queued-compaction.test.ts	-
GENUINE	0	src/auto-reply/reply/agent-runner-execution.test-support.ts	-
GENUINE	0	src/auto-reply/reply/agent-runner-execution.ts	-
GENUINE	0	src/auto-reply/reply/agent-runner-execution.types.ts	-
SAFE-NEW	0	src/auto-reply/reply/agent-runner-fallback-candidate.continuation.test.ts	-
GENUINE	0	src/auto-reply/reply/agent-runner-fallback-candidate.ts	-
GENUINE	0	src/auto-reply/reply/agent-runner-fallback-cycle.types.ts	-
GENUINE	0	src/auto-reply/reply/agent-runner-fallback-settlement.ts	-
GENUINE	0	src/auto-reply/reply/agent-runner-helpers.ts	-
SAFE-NEW	0	src/auto-reply/reply/agent-runner-post-compaction-release.ts	-
GENUINE	0	src/auto-reply/reply/agent-runner-result-accounting.fallback.test.ts	-
GENUINE	0	src/auto-reply/reply/agent-runner-result-accounting.persistence.test.ts	-
GENUINE	0	src/auto-reply/reply/agent-runner-result-accounting.test.ts	-
GENUINE	0	src/auto-reply/reply/agent-runner-result-accounting.ts	-
GENUINE	0	src/auto-reply/reply/agent-runner-result-complete.ts	-
GENUINE	0	src/auto-reply/reply/agent-runner-result-payloads.ts	-
GENUINE	0	src/auto-reply/reply/agent-runner-result.types.ts	-
GENUINE	0	src/auto-reply/reply/agent-runner-run.ts	-
GENUINE	0	src/auto-reply/reply/agent-runner-session-reset.ts	-
SAFE-NEW	0	src/auto-reply/reply/agent-runner-usage-diagnostic.ts	-
SAFE-NEW	0	src/auto-reply/reply/agent-runner.continuation-chain-break-reset.test.ts	-
SAFE-NEW	0	src/auto-reply/reply/agent-runner.continuation-delegate-fire-span.test.ts	-
SAFE-NEW	0	src/auto-reply/reply/agent-runner.continuation-delegate-reject-obs.test.ts	-
SAFE-NEW	0	src/auto-reply/reply/agent-runner.continuation-postcompaction-autocompaction.test.ts	-
SAFE-NEW	0	src/auto-reply/reply/agent-runner.continuation-postcompaction-staging.test.ts	-
SAFE-NEW	0	src/auto-reply/reply/agent-runner.continuation-span-uniformity.test.ts	-
SAFE-NEW	0	src/auto-reply/reply/agent-runner.continuation-work-span.reservation.test.ts	-
SAFE-NEW	0	src/auto-reply/reply/agent-runner.continuation-work-span.test.ts	-
SAFE-NEW	0	src/auto-reply/reply/agent-runner.finally-drain-hardening.test.ts	-
GENUINE	0	src/auto-reply/reply/agent-runner.misc.runreplyagent.test.ts	-
GENUINE	0	src/auto-reply/reply/agent-runner.runreplyagent.e2e.test.ts	-
GENUINE	0	src/auto-reply/reply/bash-command.stop.test.ts	-
GENUINE	0	src/auto-reply/reply/block-reply-pipeline.ts	-
GENUINE	0	src/auto-reply/reply/commands-compact.ts	-
GENUINE	0	src/auto-reply/reply/commands-status.test.ts	-
GENUINE	0	src/auto-reply/reply/commands-system-prompt.test.ts	-
GENUINE	0	src/auto-reply/reply/commands-system-prompt.ts	-
SAFE-NEW	0	src/auto-reply/reply/context-pressure.integration.test.ts	-
SAFE-NEW	0	src/auto-reply/reply/context-pressure.test.ts	-
SAFE-NEW	0	src/auto-reply/reply/cot-frame.test.ts	-
SAFE-NEW	0	src/auto-reply/reply/cot-frame.ts	-
GENUINE	0	src/auto-reply/reply/dispatch-bash-poll.test.ts	-
GENUINE	0	src/auto-reply/reply/dispatch-from-config.choose-route.ts	-
GENUINE	0	src/auto-reply/reply/dispatch-from-config.prepare-context.ts	-
GENUINE	0	src/auto-reply/reply/get-reply-run-admission.ts	-
GENUINE	0	src/auto-reply/reply/get-reply-run-context.ts	-
GENUINE	0	src/auto-reply/reply/get-reply-run-execute.ts	-
GENUINE	0	src/auto-reply/reply/get-reply-run.media-only.test.ts	-
SAFE-NEW	0	src/auto-reply/reply/no-op-rearm-guard.test.ts	-
SAFE-NEW	0	src/auto-reply/reply/no-op-rearm-guard.ts	-
SAFE-NEW	0	src/auto-reply/reply/normalize-reply.cot-frame.test.ts	-
GENUINE	0	src/auto-reply/reply/normalize-reply.ts	-
SAFE-NEW	0	src/auto-reply/reply/post-compaction-context-failure.test.ts	-
SAFE-NEW	0	src/auto-reply/reply/post-compaction-delegate-delivery.ts	-
SAFE-NEW	0	src/auto-reply/reply/post-compaction-delegate-dispatch.delivery-guards.test.ts	-
SAFE-NEW	0	src/auto-reply/reply/post-compaction-delegate-dispatch.lifecycle.test.ts	-
SAFE-NEW	0	src/auto-reply/reply/post-compaction-delegate-dispatch.ownership.test.ts	-
SAFE-NEW	0	src/auto-reply/reply/post-compaction-delegate-dispatch.queueing-policy.test.ts	-
SAFE-NEW	0	src/auto-reply/reply/post-compaction-delegate-dispatch.recovery.test.ts	-
SAFE-NEW	0	src/auto-reply/reply/post-compaction-delegate-dispatch.test.ts	-
SAFE-NEW	0	src/auto-reply/reply/post-compaction-delegate-dispatch.ts	-
SAFE-NEW	0	src/auto-reply/reply/post-compaction-delegate-normalize.ts	-
SAFE-NEW	0	src/auto-reply/reply/post-compaction-source-lifecycle.ts	-
GENUINE	0	src/auto-reply/reply/queue.dedupe.test.ts	-
GENUINE	0	src/auto-reply/reply/queue/lifecycle.ts	-
GENUINE	0	src/auto-reply/reply/queue/recent-message-ids.ts	-
GENUINE	0	src/auto-reply/reply/queue/types.ts	-
GENUINE	0	src/auto-reply/reply/reply-delivery.ts	-
GENUINE	0	src/auto-reply/reply/reply-run-registry.registry.ts	-
GENUINE	0	src/auto-reply/reply/reply-run-registry.ts	-
GENUINE	0	src/auto-reply/reply/reply-state.test.ts	-
GENUINE	0	src/auto-reply/reply/reply-utils.test.ts	-
SAFE-NEW	0	src/auto-reply/reply/run-compaction-count.test.ts	-
SAFE-NEW	0	src/auto-reply/reply/run-compaction-count.ts	-
SAFE-NEW	0	src/auto-reply/reply/run-provenance.test.ts	-
SAFE-NEW	0	src/auto-reply/reply/run-provenance.ts	-
GENUINE	0	src/auto-reply/reply/session-reset-cleanup.test.ts	-
GENUINE	0	src/auto-reply/reply/session-reset-cleanup.ts	-
SAFE-NEW	0	src/auto-reply/reply/session-system-event-adoption.ts	-
SAFE-NEW	0	src/auto-reply/reply/session-system-events.recipient-authority.test.ts	-
SAFE-NEW	0	src/auto-reply/reply/session-system-events.test.ts	-
GENUINE	0	src/auto-reply/reply/session-system-events.ts	-
SAFE-NEW	0	src/auto-reply/reply/session-updates.compaction.test.ts	-
GENUINE	0	src/auto-reply/reply/session-updates.ts	-
GENUINE	0	src/auto-reply/reply/session.test.ts	-
GENUINE	0	src/auto-reply/reply/session.ts	-
GENUINE	0	src/auto-reply/reply/streaming-directives.ts	-
GENUINE	0	src/auto-reply/reply/test-helpers.ts	-
GENUINE	0	src/auto-reply/reply/waiting-status.delivery.test.ts	-
GENUINE	0	src/auto-reply/status.test.ts	-
GENUINE	0	src/auto-reply/types.ts	-
GENUINE	0	src/boards/board-notices.ts	-
GENUINE	0	src/channels/message/ingress-drain-lifecycle.test.ts	-
GENUINE	0	src/channels/message/ingress-drain-lifecycle.ts	-
SAFE-NEW	0	src/channels/message/ingress-drain-pending-disposition.ts	-
SAFE-NEW	0	src/channels/message/ingress-drain.abandonment.test.ts	-
GENUINE	0	src/channels/message/ingress-drain.cancellation.test.ts	-
GENUINE	0	src/channels/message/ingress-drain.test.ts	-
GENUINE	0	src/channels/message/ingress-drain.ts	-
GENUINE	0	src/channels/message/ingress-monitor-types.ts	-
SAFE-NEW	0	src/channels/message/ingress-monitor.pending-disposition.test.ts	-
GENUINE	0	src/channels/message/ingress-monitor.ts	-
SAFE-NEW	0	src/chat/tool-argument-redaction.ts	-
SAFE-NEW	0	src/cli/daemon-cli/install.integration.definition-access.test.ts	-
GENUINE	0	src/cli/daemon-cli/install.integration.test.ts	-
GENUINE	0	src/commands/doctor-session-canonical-keys.owner-repair.test.ts	-
GENUINE	0	src/commands/doctor-session-canonical-keys.ts	-
GENUINE	0	src/commands/flows.test.ts	-
GENUINE	0	src/commands/status-overview-rows.ts	-
GENUINE	0	src/commands/status.command-report-data.ts	-
SAFE-NEW	0	src/commands/status.continuation-banner.test.ts	-
SAFE-NEW	0	src/config/cache-utils.ts	-
GENUINE	0	src/config/config.agent-concurrency-defaults.test.ts	-
GENUINE	0	src/config/runtime-source-projection.ts	-
GENUINE	0	src/config/sessions/artifacts.ts	-
GENUINE	0	src/config/sessions/legacy-main-session-migration-operations.ts	-
GENUINE	0	src/config/sessions/session-accessor.lifecycle-types.ts	-
GENUINE	0	src/config/sessions/session-accessor.lifecycle.ts	-
GENUINE	0	src/config/sessions/session-accessor.sqlite-entry-read.ts	-
GENUINE	0	src/config/sessions/session-accessor.sqlite-entry-store.ts	-
GENUINE	0	src/config/sessions/session-accessor.sqlite-entry.ts	-
GENUINE	0	src/config/sessions/session-accessor.sqlite-lifecycle.ts	-
GENUINE	0	src/config/sessions/session-accessor.sqlite-owner.ts	-
SAFE-NEW	0	src/config/sessions/session-accessor.sqlite-recipient-authority.ts	-
GENUINE	0	src/config/sessions/session-accessor.sqlite-scope.ts	-
GENUINE	0	src/config/sessions/session-accessor.ts	-
GENUINE	0	src/config/sessions/session-entry-projection.ts	-
GENUINE	0	src/config/sessions/session-history-budget-owner.test.ts	-
SAFE-NEW	0	src/config/sessions/session-recipient-authority-types.ts	-
SAFE-NEW	0	src/config/sessions/session-recipient-authority.test.ts	-
GENUINE	0	src/config/sessions/session-sharing-store.ts	-
SAFE-NEW	0	src/config/sessions/store.continuation-merge.test.ts	-
GENUINE	0	src/config/sessions/types.ts	-
GENUINE	0	src/config/types.agent-defaults.ts	-
GENUINE	0	src/config/zod-schema.agent-defaults-base.ts	-
SAFE-NEW	0	src/config/zod-schema.continuation.test.ts	-
GENUINE	0	src/cron/isolated-agent/delivery-dispatch.double-announce.test.ts	-
GENUINE	0	src/cron/isolated-agent/delivery-outbound.runtime.ts	-
GENUINE	0	src/cron/isolated-agent/run-executor.ts	-
SAFE-NEW	0	src/cron/isolated-agent/run.continuation-tool-policy.test.ts	-
GENUINE	0	src/cron/service.failure-alert-notifications.test.ts	-
GENUINE	0	src/cron/service/startup-run-repair.auto-disable.test.ts	-
GENUINE	0	src/cron/service/timer-execution.script-wake.test.ts	-
GENUINE	0	src/flows/doctor-tool-schema-projection.ts	-
GENUINE	0	src/gateway/agent-turn/agent-run-execution-phase.ts	-
GENUINE	0	src/gateway/agent-turn/agent-session-persist.ts	-
GENUINE	0	src/gateway/agent-turn/agent-turn-service.ts	-
GENUINE	0	src/gateway/chat-abort.types.ts	-
GENUINE	0	src/gateway/config-reload.test.ts	-
GENUINE	0	src/gateway/mcp-http.runtime.test.ts	-
GENUINE	0	src/gateway/mcp-http.runtime.ts	-
GENUINE	0	src/gateway/mcp-http.test.ts	-
SAFE-NEW	0	src/gateway/return-covenant-fixture.gateway.test.ts	-
GENUINE	0	src/gateway/server-close.test-support.ts	-
GENUINE	0	src/gateway/server-close.test.ts	-
GENUINE	0	src/gateway/server-close.ts	-
GENUINE	0	src/gateway/server-core-runtime.ts	-
SAFE-NEW	0	src/gateway/server-extra-handlers.ts	-
SAFE-NEW	0	src/gateway/server-extra-http-routes.ts	-
GENUINE	0	src/gateway/server-http.ts	-
GENUINE	0	src/gateway/server-kernel.ts	-
GENUINE	0	src/gateway/server-lifecycle.ts	-
SAFE-NEW	0	src/gateway/server-maintenance.delegate-artifacts.test.ts	-
GENUINE	0	src/gateway/server-maintenance.test.ts	-
GENUINE	0	src/gateway/server-maintenance.ts	-
GENUINE	0	src/gateway/server-methods/agent-request-types.ts	-
GENUINE	0	src/gateway/server-methods/agent.events-and-subagents.test-utils.ts	-
GENUINE	0	src/gateway/server-methods/agent.sessions-and-models.test-utils.ts	-
SAFE-NEW	0	src/gateway/server-methods/artifacts.delegate-claims.test.ts	-
GENUINE	0	src/gateway/server-methods/chat-broadcast.ts	-
GENUINE	0	src/gateway/server-methods/chat.directive-tags.test.ts	-
GENUINE	0	src/gateway/server-methods/sessions-compact.ts	-
GENUINE	0	src/gateway/server-methods/sessions-sharing.test.ts	-
GENUINE	0	src/gateway/server-methods/sessions-sharing.ts	-
GENUINE	0	src/gateway/server-methods/sessions.send-followup-status.test.ts	-
SAFE-NEW	0	src/gateway/server-methods/usage.sessions-usage-details.test.ts	-
GENUINE	0	src/gateway/server-methods/usage.sessions-usage-owner-attribution.test.ts	-
SAFE-NEW	0	src/gateway/server-methods/usage.sessions-usage.test-support.ts	-
GENUINE	0	src/gateway/server-reload-managed.ts	-
GENUINE	0	src/gateway/server-restart-sentinel-agent-delivery.ts	-
SAFE-NEW	0	src/gateway/server-restart-sentinel-delivery.ts	-
GENUINE	0	src/gateway/server-restart-sentinel.test.ts	-
GENUINE	0	src/gateway/server-restart-sentinel.ts	-
GENUINE	0	src/gateway/server-runtime-handles.ts	-
GENUINE	0	src/gateway/server-runtime-services.heartbeat-lifecycle.test.ts	-
GENUINE	0	src/gateway/server-runtime-services.test-harness.ts	-
GENUINE	0	src/gateway/server-runtime-services.ts	-
GENUINE	0	src/gateway/server-runtime-state-prepare.ts	-
GENUINE	0	src/gateway/server-runtime-state.ts	-
SAFE-NEW	0	src/gateway/server-runtime-subscriptions.task-terminals.test-harness.ts	-
SAFE-NEW	0	src/gateway/server.agent.continuation-trust.test.ts	-
GENUINE	0	src/gateway/server.sessions.compaction.test.ts	-
SAFE-NEW	0	src/gateway/server.sessions.recipient-authority.test.ts	-
SAFE-NEW	0	src/gateway/server.sessions.reset-continuation.test.ts	-
GENUINE	0	src/gateway/server.ts	-
GENUINE	0	src/gateway/session-reset-service.ts	-
GENUINE	0	src/gateway/session-utils.queued-collector.test-support.ts	-
SAFE-NEW	0	src/gateway/test/server-sessions.internal-hook-event-test-helpers.ts	-
GENUINE	0	src/gateway/tool-resolution.test.ts	-
GENUINE	0	src/gateway/tool-resolution.ts	-
GENUINE	0	src/hooks/llm-slug-generator.ts	-
SAFE-NEW	0	src/infra/continuation-tracer.emit-and-fire.test.ts	-
SAFE-NEW	0	src/infra/continuation-tracer.queue-and-compaction.test.ts	-
SAFE-NEW	0	src/infra/continuation-tracer.test.ts	-
SAFE-NEW	0	src/infra/continuation-tracer.ts	-
GENUINE	0	src/infra/delivery-queue-sqlite-bound.ts	-
SAFE-NEW	0	src/infra/delivery-queue-sqlite-codec.ts	-
GENUINE	0	src/infra/delivery-queue-sqlite.kernel.ts	-
GENUINE	0	src/infra/delivery-queue-sqlite.ts	-
SAFE-NEW	0	src/infra/delivery-queue-test-support.ts	-
GENUINE	0	src/infra/diagnostic-events.ts	-
SAFE-NEW	0	src/infra/diagnostic-trace-context-pure.ts	-
GENUINE	0	src/infra/diagnostic-trace-context.test.ts	-
GENUINE	0	src/infra/diagnostic-trace-context.ts	-
GENUINE	0	src/infra/fs-safe-advanced.ts	-
GENUINE	0	src/infra/heartbeat-reason.test.ts	-
GENUINE	0	src/infra/heartbeat-reason.ts	-
GENUINE	0	src/infra/heartbeat-runner-execution.ts	-
GENUINE	0	src/infra/heartbeat-runner-prompt.ts	-
GENUINE	0	src/infra/heartbeat-runner-run.ts	-
GENUINE	0	src/infra/heartbeat-runner-scheduler.lazy.test.ts	-
GENUINE	0	src/infra/heartbeat-runner-scheduler.ts	-
GENUINE	0	src/infra/heartbeat-runner-session.ts	-
SAFE-NEW	0	src/infra/heartbeat-runner.delegate-return.test.ts	-
GENUINE	0	src/infra/heartbeat-runner.ghost-reminder.test.ts	-
GENUINE	0	src/infra/heartbeat-runner.isolated-session-mirror.test.ts	-
GENUINE	0	src/infra/heartbeat-runner.returns-default-unset.test.ts	-
SAFE-NEW	0	src/infra/heartbeat-runner.scheduler.targeted-wake.test.ts	-
SAFE-NEW	0	src/infra/heartbeat-runner.scheduler.test-support.ts	-
GENUINE	0	src/infra/heartbeat-runner.ts	-
GENUINE	0	src/infra/heartbeat-wake-contracts.ts	-
GENUINE	0	src/infra/heartbeat-wake-policy.ts	-
SAFE-NEW	0	src/infra/heartbeat-wake.lifecycle.test.ts	-
GENUINE	0	src/infra/heartbeat-wake.test.ts	-
GENUINE	0	src/infra/heartbeat-wake.ts	-
SAFE-NEW	0	src/infra/kysely-sync-cache-state.test.ts	-
GENUINE	0	src/infra/kysely-sync-cache-state.ts	-
GENUINE	0	src/infra/outbound/delivery-queue-file-migration.test.ts	-
SAFE-NEW	0	src/infra/secure-random-chain-id.test.ts	-
GENUINE	0	src/infra/secure-random.ts	-
GENUINE	0	src/infra/session-cost-usage-reporting.ts	-
SAFE-NEW	0	src/infra/session-cost-usage.discoverAllSessions.test.ts	-
GENUINE	0	src/infra/session-cost-usage.test.ts	-
GENUINE	0	src/infra/session-cost-usage.ts	-
SAFE-NEW	0	src/infra/session-delivery-queue-attachment-metadata.ts	-
SAFE-NEW	0	src/infra/session-delivery-queue-codec.ts	-
GENUINE	0	src/infra/session-delivery-queue-recovery.ts	-
GENUINE	0	src/infra/session-delivery-queue-storage.ts	-
SAFE-NEW	0	src/infra/session-delivery-queue.managed-artifact.test.ts	-
GENUINE	0	src/infra/session-delivery-queue.records.ts	-
SAFE-NEW	0	src/infra/session-delivery-queue.recovery-exhaustion.test.ts	-
GENUINE	0	src/infra/session-delivery-queue.recovery.test.ts	-
SAFE-NEW	0	src/infra/session-delivery-queue.storage-lifecycle.test.ts	-
SAFE-NEW	0	src/infra/session-delivery-queue.storage.test-support.ts	-
GENUINE	0	src/infra/session-delivery-queue.storage.test.ts	-
GENUINE	0	src/infra/session-delivery-queue.worker-contract.ts	-
GENUINE	0	src/infra/session-delivery-queue.worker.ts	-
GENUINE	0	src/infra/session-event-wake.ts	-
GENUINE	0	src/infra/system-events.test.ts	-
GENUINE	0	src/infra/system-events.ts	-
SAFE-NEW	0	src/logging/diagnostic-continuation-queues.ts	-
GENUINE	0	src/logging/diagnostic-stability.ts	-
GENUINE	0	src/logging/diagnostic.test.ts	-
GENUINE	0	src/logging/diagnostic.ts	-
GENUINE	0	src/plugin-sdk/channel-ingress-runtime.ts	-
SAFE-NEW	0	src/plugin-sdk/continuation-test-runtime.ts	-
GENUINE	0	src/plugin-sdk/diagnostic-runtime.ts	-
GENUINE	0	src/plugin-sdk/infra-runtime.ts	-
SAFE-NEW	0	src/plugin-sdk/provider-catalog-live-runtime.config.test.ts	-
SAFE-NEW	0	src/plugin-sdk/provider-catalog-live-runtime.test-support.ts	-
SAFE-NEW	0	src/plugin-sdk/task-flow-test-runtime.ts	-
GENUINE	0	src/plugin-sdk/test-helpers/agents/host-tool-factory.ts	-
GENUINE	0	src/plugins/capability-provider-runtime.ts	-
GENUINE	0	src/plugins/captured-registration.test.ts	-
GENUINE	0	src/plugins/plugin-module-loader-cache.ts	-
GENUINE	0	src/plugins/public-surface-loader.test.ts	-
GENUINE	0	src/plugins/registry-api.ts	-
GENUINE	0	src/plugins/runtime/index.test.ts	-
GENUINE	0	src/plugins/runtime/runtime-taskflow.test.ts	-
GENUINE	0	src/plugins/runtime/system-events.ts	-
GENUINE	0	src/plugins/session-entry-slot-keys.ts	-
GENUINE	0	src/plugins/tool-metadata.ts	-
GENUINE	0	src/plugins/wired-hooks-compaction.test.ts	-
SAFE-NEW	0	src/process/command-queue-waiters.ts	-
GENUINE	0	src/process/command-queue.test.ts	-
GENUINE	0	src/process/command-queue.ts	-
GENUINE	0	src/sessions/user-turn-transcript-admission.ts	-
GENUINE	0	src/sessions/user-turn-transcript.metadata.ts	-
SAFE-NEW	0	src/sessions/user-turn-transcript.recorder.test.ts	-
GENUINE	0	src/sessions/user-turn-transcript.ts	-
GENUINE	0	src/sessions/user-turn-transcript.types.ts	-
SAFE-NEW	0	src/shared/inline-attachments.test.ts	-
SAFE-NEW	0	src/shared/inline-attachments.ts	-
SAFE-NEW	0	src/state/delegate-artifacts-schema.ts	-
GENUINE	0	src/state/openclaw-agent-db-contract.ts	-
GENUINE	0	src/state/openclaw-agent-db-identity.ts	-
GENUINE	0	src/state/openclaw-agent-db-schema-helpers.ts	-
GENUINE	0	src/state/openclaw-agent-db-schema.ts	-
GENUINE	0	src/state/openclaw-agent-db-session-migrations.test.ts	-
GENUINE	0	src/state/openclaw-agent-db-session-migrations.ts	-
GENUINE	0	src/state/openclaw-agent-db.generated.d.ts	-
GENUINE	0	src/state/openclaw-agent-db.test.ts	-
GENUINE	0	src/state/openclaw-agent-participants-migration.test.ts	-
GENUINE	0	src/state/openclaw-agent-participants-migration.ts	-
SAFE-NEW	0	src/state/openclaw-agent-recipient-authority-fixture.test-support.ts	-
GENUINE	0	src/state/openclaw-agent-schema.sql	-
GENUINE	0	src/state/openclaw-agent-session-sharing-schema.ts	-
GENUINE	0	src/state/openclaw-state-db-additive-columns.ts	-
GENUINE	0	src/state/openclaw-state-db-contract.ts	-
GENUINE	0	src/state/openclaw-state-db-repair.ts	-
GENUINE	0	src/state/openclaw-state-db-schema-additive.ts	-
GENUINE	0	src/state/openclaw-state-db-task-delivery-recovery.ts	-
GENUINE	0	src/state/openclaw-state-db.generated.d.ts	-
GENUINE	0	src/state/openclaw-state-db.test.ts	-
GENUINE	0	src/state/openclaw-state-schema.sql	-
SAFE-NEW	0	src/status/status-codex-auth-profile.ts	-
SAFE-NEW	0	src/status/status-continuation-line.ts	-
GENUINE	0	src/status/status-message.ts	-
GENUINE	0	src/status/status-text.test.ts	-
GENUINE	0	src/status/status-text.ts	-
GENUINE	0	src/tasks/task-boundaries.test.ts	-
SAFE-NEW	0	src/tasks/task-flow-continuation-state.ts	-
SAFE-NEW	0	src/tasks/task-flow-registry-mutations.ts	-
GENUINE	0	src/tasks/task-flow-registry.audit.test.ts	-
GENUINE	0	src/tasks/task-flow-registry.maintenance.test.ts	-
GENUINE	0	src/tasks/task-flow-registry.maintenance.ts	-
SAFE-NEW	0	src/tasks/task-flow-registry.records.test.ts	-
GENUINE	0	src/tasks/task-flow-registry.records.ts	-
GENUINE	0	src/tasks/task-flow-registry.store.kernel.ts	-
GENUINE	0	src/tasks/task-flow-registry.store.sqlite.ts	-
GENUINE	0	src/tasks/task-flow-registry.store.test.ts	-
GENUINE	0	src/tasks/task-flow-registry.store.ts	-
GENUINE	0	src/tasks/task-flow-registry.store.types.ts	-
GENUINE	0	src/tasks/task-flow-registry.test.ts	-
GENUINE	0	src/tasks/task-flow-registry.ts	-
GENUINE	0	src/tasks/task-flow-registry.types.ts	-
GENUINE	0	src/tasks/task-flow-runtime-internal.ts	-
GENUINE	0	src/tasks/task-registry-delivery.ts	-
GENUINE	0	src/tasks/task-registry.store.kernel.test.ts	-
GENUINE	0	src/test-utils/task-registry-store.ts	-
GENUINE	0	src/tui/components/chat-log.test.ts	-
GENUINE	0	src/tui/components/tool-execution.ts	-
GENUINE	0	src/tui/tui-pty-local.e2e.test.ts	-
GENUINE	0	src/utils/directive-tags.ts	-
GENUINE	0	test/fixtures/channel-ingress-gateway-restart.ts	-
GENUINE	0	test/scripts/ci-node-test-plan.test.ts	-
GENUINE	0	test/scripts/full-release-validation-state.test.ts	-
GENUINE	0	test/scripts/install-smoke-no-push-workflow.test.ts	-
GENUINE	0	test/scripts/lint-suppressions.test.ts	-
GENUINE	0	test/scripts/test-projects-build-admission.test.ts	-
GENUINE	0	test/scripts/test-projects.test.ts	-
SAFE-NEW	0	test/setup.extension-active-memory.ts	-
SAFE-NEW	0	test/tsconfig/tsconfig.core.test.agents-embedded.json	-
GENUINE	0	test/tsconfig/tsconfig.core.test.agents-other.json	-
GENUINE	0	test/tsconfig/tsconfig.core.test.agents-root.json	-
GENUINE	0	test/tsconfig/tsconfig.core.test.agents-tools.json	-
SAFE-NEW	0	test/tsconfig/tsconfig.core.test.messaging-auto-reply.json	-
SAFE-NEW	0	test/tsconfig/tsconfig.core.test.messaging-channels.json	-
SAFE-NEW	0	test/tsconfig/tsconfig.core.test.security-secrets.json	-
GENUINE	0	test/vitest-projects-config.test.ts	-
GENUINE	0	test/vitest-scoped-config.test.ts	-
SAFE-NEW	0	test/vitest/hermetic-openclaw-env.ts	-
GENUINE	0	test/vitest/vitest.database-worker-core-paths.mjs	-
GENUINE	0	test/vitest/vitest.gateway-core.config.ts	-
GENUINE	0	test/vitest/vitest.gateway-server-paths.mjs	-
GENUINE	0	test/vitest/vitest.test-shards.mjs	-
GENUINE	0	test/vitest/vitest.unit-fast-paths.mjs	-
GENUINE	0	tsdown.config.ts	-
GENUINE	0	ui/src/lib/chat/tool-cards.ts	-
GENUINE	0	ui/src/pages/chat/components/chat-tool-cards.node.test.ts	-
SAFE-NEW	0	ui/src/test-helpers/playwright-chromium.ts	-
